0.00000, -6.00000, -0.05105, 
0.00000, -6.00000, -0.05105, 
0.00000, -6.00000, -0.05105, 
0.00000, -6.00000, -0.05105, 
0.00000, -6.00000, -0.05105, 
0.00000, -6.00000, -0.05105, 
0.00000, -6.00000, -0.05105, 
0.00000, -6.00000, -0.05105, 
0.00000, -6.00000, -0.05105, 
0.00000, -6.00000, -0.05105, 
0.00000, -6.00000, -0.05105, 
0.00000, -6.00000, -0.05105, 
0.00000, -6.00000, -0.05105, 
-0.00000, -6.00000, -0.05105, 
-0.00000, -6.00000, -0.05105, 
-0.00000, -6.00000, -0.05105, 
-0.00000, -6.00000, -0.05105, 
-0.00000, -6.00000, -0.05105, 
-0.00000, -6.00000, -0.05105, 
-0.00000, -6.00000, -0.05105, 
-0.00000, -6.00000, -0.05105, 
-0.00000, -6.00000, -0.05105, 
-0.00000, -6.00000, -0.05105, 
-0.00000, -6.00000, -0.05105, 
-0.00000, -6.00000, -0.05105, 
-0.00000, -6.00000, -0.05105, 
-0.00000, -6.00000, -0.05105, 
-0.00000, -6.00000, -0.05105, 
-0.00000, -6.00000, -0.05105, 
-0.00000, -6.00000, -0.05105, 
-0.00000, -6.00000, -0.05105, 
-0.00000, -6.00000, -0.05105, 
-0.00000, -6.00000, -0.05105, 
-0.00000, -6.00000, -0.05105, 
-0.00000, -6.00000, -0.05105, 
-0.00000, -6.00000, -0.05105, 
-0.00000, -6.00000, -0.05105, 
0.00000, -6.00000, -0.05105, 
0.00000, -6.00000, -0.05105, 
0.00000, -6.00000, -0.05105, 
0.00000, -6.00000, -0.05105, 
0.00000, -6.00000, -0.05105, 
0.00000, -6.00000, -0.05105, 
0.00000, -6.00000, -0.05105, 
0.00000, -6.00000, -0.05105, 
0.00000, -6.00000, -0.05105, 
0.00000, -6.00000, -0.05105, 
0.00000, -6.00000, -0.05105, 
0.00000, -6.00000, -0.05105, 
0.00000, -6.00000, -0.05105, 
0.00326, -6.00000, -0.05085, 
0.00406, -5.99948, -0.06382, 
0.00486, -5.99873, -0.07822, 
0.00558, -5.99774, -0.09369, 
0.00614, -5.99654, -0.10977, 
0.00648, -5.99516, -0.12593, 
0.00653, -5.99368, -0.14161, 
0.00625, -5.99216, -0.15624, 
0.00563, -5.99071, -0.16927, 
0.00468, -5.98942, -0.18019, 
0.00344, -5.98839, -0.18856, 
0.00199, -5.98770, -0.19406, 
0.00040, -5.98739, -0.19646, 
-0.00121, -5.98750, -0.19566, 
-0.00274, -5.98800, -0.19169, 
-0.00410, -5.98887, -0.18472, 
-0.00520, -5.99004, -0.17502, 
-0.00599, -5.99142, -0.16299, 
-0.00644, -5.99291, -0.14909, 
-0.00654, -5.99443, -0.13387, 
-0.00634, -5.99587, -0.11787, 
-0.00588, -5.99717, -0.10169, 
-0.00523, -5.99826, -0.08585, 
-0.00447, -5.99913, -0.07086, 
-0.00366, -5.99976, -0.05713, 
-0.00288, -6.00019, -0.04499, 
-0.00218, -6.00043, -0.03465, 
-0.00160, -6.00053, -0.02621, 
-0.00114, -6.00055, -0.01967, 
-0.00080, -6.00052, -0.01491, 
-0.00057, -6.00049, -0.01173, 
-0.00043, -6.00047, -0.00987, 
-0.00033, -6.00047, -0.00901, 
-0.00026, -6.00050, -0.00883, 
-0.00020, -6.00054, -0.00904, 
-0.00013, -6.00059, -0.00937, 
-0.00006, -6.00061, -0.00962, 
0.00002, -6.00062, -0.00967, 
0.00010, -6.00060, -0.00951, 
0.00017, -6.00057, -0.00920, 
0.00023, -6.00052, -0.00891, 
0.00029, -6.00049, -0.00885, 
0.00037, -6.00047, -0.00933, 
0.00049, -6.00048, -0.01065, 
0.00068, -6.00050, -0.01314, 
0.00096, -6.00054, -0.01708, 
0.00135, -6.00055, -0.02271, 
0.00188, -6.00049, -0.03019, 
0.00252, -6.00033, -0.03959, 
0.00326, -6.00000, -0.05085, 
0.00648, -6.00000, -0.05022, 
0.00979, -5.99874, -0.07656, 
0.01354, -5.99645, -0.10854, 
0.01734, -5.99298, -0.14510, 
0.02076, -5.98831, -0.18483, 
0.02336, -5.98256, -0.22612, 
0.02475, -5.97603, -0.26719, 
0.02462, -5.96913, -0.30625, 
0.02283, -5.96235, -0.34151, 
0.01938, -5.95621, -0.37138, 
0.01447, -5.95124, -0.39446, 
0.00843, -5.94785, -0.40969, 
0.00172, -5.94635, -0.41634, 
-0.00513, -5.94685, -0.41412, 
-0.01157, -5.94933, -0.40311, 
-0.01709, -5.95355, -0.38384, 
-0.02130, -5.95917, -0.35721, 
-0.02393, -5.96569, -0.32446, 
-0.02489, -5.97260, -0.28709, 
-0.02423, -5.97937, -0.24680, 
-0.02219, -5.98555, -0.20539, 
-0.01913, -5.99079, -0.16466, 
-0.01546, -5.99487, -0.12633, 
-0.01163, -5.99773, -0.09191, 
-0.00806, -5.99948, -0.06263, 
-0.00507, -6.00033, -0.03941, 
-0.00288, -6.00056, -0.02275, 
-0.00156, -6.00052, -0.01272, 
-0.00105, -6.00050, -0.00900, 
-0.00117, -6.00076, -0.01086, 
-0.00169, -6.00144, -0.01723, 
-0.00232, -6.00256, -0.02680, 
-0.00281, -6.00403, -0.03812, 
-0.00296, -6.00568, -0.04969, 
-0.00268, -6.00727, -0.06010, 
-0.00196, -6.00857, -0.06814, 
-0.00090, -6.00936, -0.07292, 
0.00031, -6.00952, -0.07390, 
0.00146, -6.00903, -0.07098, 
0.00237, -6.00797, -0.06448, 
0.00288, -6.00650, -0.05512, 
0.00294, -6.00485, -0.04397, 
0.00260, -6.00326, -0.03234, 
0.00201, -6.00195, -0.02171, 
0.00140, -6.00105, -0.01356, 
0.00104, -6.00059, -0.00929, 
0.00121, -6.00049, -0.01011, 
0.00211, -6.00055, -0.01692, 
0.00387, -6.00050, -0.03024, 
0.00648, -6.00000, -0.05022, 
0.00958, -6.00000, -0.04919, 
0.01694, -5.99782, -0.08769, 
0.02591, -5.99321, -0.13753, 
0.03551, -5.98562, -0.19671, 
0.04457, -5.97490, -0.26264, 
0.05186, -5.96129, -0.33229, 
0.05629, -5.94548, -0.40237, 
0.05702, -5.92850, -0.46956, 
0.05357, -5.91164, -0.53058, 
0.04592, -5.89627, -0.58248, 
0.03451, -5.88374, -0.62270, 
0.02018, -5.87517, -0.64929, 
0.00413, -5.87135, -0.66092, 
-0.01229, -5.87263, -0.65703, 
-0.02764, -5.87890, -0.63780, 
-0.04064, -5.88957, -0.60419, 
-0.05025, -5.90368, -0.55784, 
-0.05582, -5.91997, -0.50103, 
-0.05716, -5.93706, -0.43654, 
-0.05449, -5.95361, -0.36748, 
-0.04851, -5.96842, -0.29720, 
-0.04018, -5.98065, -0.22902, 
-0.03070, -5.98981, -0.16611, 
-0.02128, -5.99586, -0.11130, 
-0.01301, -5.99916, -0.06692, 
-0.00673, -6.00043, -0.03463, 
-0.00293, -6.00057, -0.01535, 
-0.00169, -6.00056, -0.00914, 
-0.00267, -6.00129, -0.01523, 
-0.00523, -6.00340, -0.03203, 
-0.00849, -6.00723, -0.05724, 
-0.01152, -6.01268, -0.08799, 
-0.01349, -6.01934, -0.12108, 
-0.01380, -6.02646, -0.15323, 
-0.01220, -6.03314, -0.18131, 
-0.00878, -6.03847, -0.20263, 
-0.00402, -6.04171, -0.21517, 
0.00136, -6.04238, -0.21774, 
0.00653, -6.04039, -0.21010, 
0.01069, -6.03603, -0.19296, 
0.01324, -6.02991, -0.16796, 
0.01388, -6.02290, -0.13748, 
0.01268, -6.01590, -0.10445, 
0.01009, -6.00977, -0.07211, 
0.00683, -6.00510, -0.04375, 
0.00380, -6.00214, -0.02242, 
0.00194, -6.00078, -0.01073, 
0.00200, -6.00053, -0.01064, 
0.00451, -6.00058, -0.02334, 
0.00958, -6.00000, -0.04919, 
0.01252, -6.00000, -0.04775, 
0.02486, -5.99679, -0.09559, 
0.04066, -5.98934, -0.16031, 
0.05808, -5.97649, -0.23895, 
0.07488, -5.95783, -0.32772, 
0.08875, -5.93377, -0.42229, 
0.09758, -5.90550, -0.51801, 
0.09975, -5.87492, -0.61010, 
0.09434, -5.84437, -0.69400, 
0.08125, -5.81644, -0.76549, 
0.06126, -5.79361, -0.82100, 
0.03590, -5.77796, -0.85771, 
0.00734, -5.77098, -0.87379, 
-0.02187, -5.77333, -0.86840, 
-0.04912, -5.78478, -0.84184, 
-0.07204, -5.80425, -0.79544, 
-0.08873, -5.82992, -0.73154, 
-0.09802, -5.85948, -0.65335, 
-0.09957, -5.89036, -0.56480, 
-0.09391, -5.92005, -0.47031, 
-0.08232, -5.94642, -0.37457, 
-0.06670, -5.96788, -0.28232, 
-0.04930, -5.98363, -0.19811, 
-0.03243, -5.99368, -0.12601, 
-0.01816, -5.99883, -0.06941, 
-0.00806, -6.00052, -0.03081, 
-0.00299, -6.00058, -0.01162, 
-0.00299, -6.00099, -0.01203, 
-0.00730, -6.00352, -0.03091, 
-0.01448, -6.00943, -0.06590, 
-0.02265, -6.01928, -0.11344, 
-0.02980, -6.03282, -0.16906, 
-0.03415, -6.04896, -0.22765, 
-0.03443, -6.06600, -0.28389, 
-0.03013, -6.08187, -0.33268, 
-0.02157, -6.09449, -0.36958, 
-0.00985, -6.10212, -0.39124, 
0.00333, -6.10370, -0.39567, 
0.01601, -6.09901, -0.38247, 
0.02633, -6.08870, -0.35285, 
0.03285, -6.07422, -0.30951, 
0.03485, -6.05749, -0.25639, 
0.03242, -6.04066, -0.19831, 
0.02648, -6.02564, -0.14055, 
0.01857, -6.01386, -0.08836, 
0.01065, -6.00600, -0.04659, 
0.00469, -6.00190, -0.01928, 
0.00239, -6.00063, -0.00942, 
0.00488, -6.00063, -0.01875, 
0.01252, -6.00000, -0.04775, 
0.01524, -6.00000, -0.04590, 
0.03260, -5.99580, -0.09899, 
0.05548, -5.98545, -0.17276, 
0.08110, -5.96717, -0.26351, 
0.10607, -5.94026, -0.36664, 
0.12692, -5.90528, -0.47698, 
0.14047, -5.86396, -0.58897, 
0.14429, -5.81907, -0.69699, 
0.13693, -5.77411, -0.79558, 
0.11824, -5.73290, -0.87975, 
0.08929, -5.69915, -0.94519, 
0.05238, -5.67600, -0.98852, 
0.01072, -5.66566, -1.00750, 
-0.03192, -5.66913, -1.00115, 
-0.07165, -5.68608, -0.96979, 
-0.10493, -5.71488, -0.91504, 
-0.12896, -5.75280, -0.83976, 
-0.14205, -5.79637, -0.74779, 
-0.14371, -5.84176, -0.64382, 
-0.13478, -5.88526, -0.53312, 
-0.11722, -5.92370, -0.42125, 
-0.09388, -5.95479, -0.31384, 
-0.06815, -5.97737, -0.21628, 
-0.04351, -5.99153, -0.13350, 
-0.02308, -5.99852, -0.06967, 
-0.00927, -6.00060, -0.02797, 
-0.00337, -6.00066, -0.01033, 
-0.00542, -6.00180, -0.01721, 
-0.01419, -6.00684, -0.04745, 
-0.02734, -6.01780, -0.09825, 
-0.04177, -6.03556, -0.16520, 
-0.05415, -6.05962, -0.24258, 
-0.06149, -6.08815, -0.32369, 
-0.06165, -6.11817, -0.40142, 
-0.05376, -6.14608, -0.46883, 
-0.03841, -6.16827, -0.51984, 
-0.01753, -6.18170, -0.54979, 
0.00592, -6.18448, -0.55592, 
0.02849, -6.17623, -0.53767, 
0.04692, -6.15810, -0.49672, 
0.05871, -6.13262, -0.43682, 
0.06255, -6.10319, -0.36342, 
0.05861, -6.07349, -0.28311, 
0.04842, -6.04689, -0.20299, 
0.03460, -6.02582, -0.13004, 
0.02040, -6.01149, -0.07052, 
0.00909, -6.00368, -0.02955, 
0.00345, -6.00090, -0.01074, 
0.00529, -6.00068, -0.01608, 
0.01524, -6.00000, -0.04590, 
0.01768, -6.00000, -0.04367, 
0.03903, -5.99497, -0.09720, 
0.06755, -5.98229, -0.17248, 
0.09964, -5.95966, -0.26552, 
0.13106, -5.92619, -0.37154, 
0.15743, -5.88251, -0.48521, 
0.17475, -5.83076, -0.60088, 
0.17992, -5.77439, -0.71277, 
0.17109, -5.71776, -0.81522, 
0.14797, -5.66572, -0.90295, 
0.11189, -5.62300, -0.97135, 
0.06570, -5.59365, -1.01673, 
0.01345, -5.58053, -1.03664, 
-0.04004, -5.58494, -1.02997, 
-0.08983, -5.60644, -0.99710, 
-0.13141, -5.64292, -0.93982, 
-0.16128, -5.69086, -0.86124, 
-0.17731, -5.74581, -0.76552, 
-0.17900, -5.80290, -0.65766, 
-0.16744, -5.85745, -0.54316, 
-0.14514, -5.90552, -0.42777, 
-0.11571, -5.94428, -0.31723, 
-0.08340, -5.97231, -0.21706, 
-0.05259, -5.98976, -0.13235, 
-0.02727, -5.99825, -0.06750, 
-0.01052, -6.00068, -0.02604, 
-0.00409, -6.00080, -0.01029, 
-0.00812, -6.00270, -0.02113, 
-0.02106, -6.01014, -0.05772, 
-0.03983, -6.02593, -0.11738, 
-0.06028, -6.05132, -0.19553, 
-0.07781, -6.08568, -0.28589, 
-0.08822, -6.12647, -0.38088, 
-0.08843, -6.16951, -0.47224, 
-0.07715, -6.20963, -0.55175, 
-0.05514, -6.24159, -0.61208, 
-0.02517, -6.26096, -0.64757, 
0.00850, -6.26498, -0.65484, 
0.04091, -6.25307, -0.63320, 
0.06735, -6.22694, -0.58471, 
0.08423, -6.19027, -0.51396, 
0.08973, -6.14802, -0.42754, 
0.08414, -6.10550, -0.33332, 
0.06969, -6.06749, -0.23963, 
0.05013, -6.03741, -0.15450, 
0.02995, -6.01687, -0.08491, 
0.01363, -6.00552, -0.03633, 
0.00485, -6.00127, -0.01239, 
0.00596, -6.00077, -0.01486, 
0.01768, -6.00000, -0.04367, 
0.01978, -6.00000, -0.04107, 
0.04313, -5.99444, -0.09030, 
0.07426, -5.98053, -0.15941, 
0.10925, -5.95577, -0.24474, 
0.14353, -5.91917, -0.34206, 
0.17241, -5.87133, -0.44673, 
0.19158, -5.81447, -0.55378, 
0.19757, -5.75225, -0.65801, 
0.18826, -5.68945, -0.75411, 
0.16315, -5.63143, -0.83697, 
0.12359, -5.58360, -0.90195, 
0.07265, -5.55062, -0.94527, 
0.01488, -5.53585, -0.96432, 
-0.04430, -5.54081, -0.95794, 
-0.09929, -5.56500, -0.92651, 
-0.14502, -5.60593, -0.87195, 
-0.17764, -5.65950, -0.79750, 
-0.19490, -5.72060, -0.70740, 
-0.19639, -5.78375, -0.60658, 
-0.18345, -5.84383, -0.50028, 
-0.15893, -5.89655, -0.39378, 
-0.12677, -5.93895, -0.29218, 
-0.09155, -5.96960, -0.20030, 
-0.05795, -5.98872, -0.12258, 
-0.03027, -5.99806, -0.06299, 
-0.01196, -6.00077, -0.02488, 
-0.00507, -6.00099, -0.01072, 
-0.00998, -6.00331, -0.02184, 
-0.02518, -6.01213, -0.05804, 
-0.04734, -6.03082, -0.11730, 
-0.07173, -6.06107, -0.19562, 
-0.09294, -6.10234, -0.28707, 
-0.10583, -6.15171, -0.38411, 
-0.10652, -6.20418, -0.47821, 
-0.09325, -6.25339, -0.56066, 
-0.06682, -6.29275, -0.62354, 
-0.03055, -6.31668, -0.66065, 
0.01031, -6.32166, -0.66827, 
0.04962, -6.30693, -0.64562, 
0.08153, -6.27469, -0.59498, 
0.10164, -6.22961, -0.52141, 
0.10787, -6.17794, -0.43208, 
0.10071, -6.12629, -0.33541, 
0.08308, -6.08045, -0.24015, 
0.05959, -6.04448, -0.15441, 
0.03566, -6.02009, -0.08499, 
0.01647, -6.00667, -0.03689, 
0.00610, -6.00160, -0.01310, 
0.00702, -6.00090, -0.01469, 
0.01978, -6.00000, -0.04107, 
0.02148, -6.00000, -0.03814, 
0.04420, -5.99430, -0.07913, 
0.07400, -5.98059, -0.13585, 
0.10732, -5.95655, -0.20558, 
0.14004, -5.92113, -0.28538, 
0.16791, -5.87469, -0.37201, 
0.18683, -5.81907, -0.46180, 
0.19333, -5.75757, -0.55059, 
0.18503, -5.69477, -0.63377, 
0.16108, -5.63613, -0.70657, 
0.12249, -5.58731, -0.76437, 
0.07220, -5.55341, -0.80326, 
0.01481, -5.53817, -0.82045, 
-0.04406, -5.54330, -0.81468, 
-0.09855, -5.56822, -0.78639, 
-0.14347, -5.61015, -0.73761, 
-0.17499, -5.66457, -0.67177, 
-0.19113, -5.72600, -0.59318, 
-0.19181, -5.78879, -0.50660, 
-0.17872, -5.84785, -0.41676, 
-0.15484, -5.89921, -0.32806, 
-0.12402, -5.94028, -0.24441, 
-0.09047, -5.96996, -0.16926, 
-0.05842, -5.98862, -0.10569, 
-0.03176, -5.99796, -0.05651, 
-0.01368, -6.00088, -0.02433, 
-0.00632, -6.00123, -0.01142, 
-0.01038, -6.00345, -0.01941, 
-0.02480, -6.01194, -0.04888, 
-0.04668, -6.03038, -0.09889, 
-0.07148, -6.06085, -0.16668, 
-0.09370, -6.10317, -0.24747, 
-0.10784, -6.15459, -0.33468, 
-0.10953, -6.20994, -0.42045, 
-0.09656, -6.26239, -0.49644, 
-0.06954, -6.30466, -0.55487, 
-0.03188, -6.33048, -0.58953, 
0.01077, -6.33586, -0.59666, 
0.05173, -6.31994, -0.57547, 
0.08465, -6.28523, -0.52829, 
0.10491, -6.23699, -0.46018, 
0.11044, -6.18218, -0.37827, 
0.10209, -6.12802, -0.29074, 
0.08327, -6.08064, -0.20582, 
0.05904, -6.04406, -0.13081, 
0.03506, -6.01974, -0.07144, 
0.01643, -6.00665, -0.03148, 
0.00694, -6.00182, -0.01274, 
0.00857, -6.00111, -0.01535, 
0.02148, -6.00000, -0.03814, 
0.02273, -6.00000, -0.03492, 
0.04204, -5.99458, -0.06512, 
0.06665, -5.98252, -0.10586, 
0.09408, -5.96191, -0.15592, 
0.12147, -5.93159, -0.21417, 
0.14564, -5.89131, -0.27919, 
0.16314, -5.84201, -0.34889, 
0.17057, -5.78611, -0.42029, 
0.16515, -5.72757, -0.48943, 
0.14536, -5.67163, -0.55169, 
0.11154, -5.62418, -0.60225, 
0.06616, -5.59079, -0.63682, 
0.01361, -5.57566, -0.65224, 
-0.04044, -5.58076, -0.64706, 
-0.09006, -5.60542, -0.62177, 
-0.13010, -5.64647, -0.57872, 
-0.15708, -5.69891, -0.52172, 
-0.16960, -5.75686, -0.45542, 
-0.16831, -5.81467, -0.38460, 
-0.15544, -5.86767, -0.31362, 
-0.13417, -5.91266, -0.24594, 
-0.10797, -5.94801, -0.18410, 
-0.08018, -5.97338, -0.12979, 
-0.05383, -5.98952, -0.08425, 
-0.03158, -5.99797, -0.04862, 
-0.01573, -6.00101, -0.02422, 
-0.00808, -6.00157, -0.01264, 
-0.00961, -6.00319, -0.01556, 
-0.02007, -6.00967, -0.03423, 
-0.03763, -6.02450, -0.06898, 
-0.05880, -6.05006, -0.11863, 
-0.07883, -6.08680, -0.18014, 
-0.09256, -6.13270, -0.24855, 
-0.09557, -6.18320, -0.31744, 
-0.08533, -6.23188, -0.37958, 
-0.06199, -6.27159, -0.42797, 
-0.02856, -6.29604, -0.45691, 
0.00966, -6.30115, -0.46288, 
0.04625, -6.28605, -0.44515, 
0.07517, -6.25329, -0.40589, 
0.09217, -6.20821, -0.34981, 
0.09562, -6.15774, -0.28338, 
0.08679, -6.10883, -0.21385, 
0.06928, -6.06710, -0.14817, 
0.04804, -6.03585, -0.09209, 
0.02815, -6.01585, -0.04963, 
0.01380, -6.00559, -0.02287, 
0.00768, -6.00201, -0.01219, 
0.01079, -6.00139, -0.01672, 
0.02273, -6.00000, -0.03492, 
0.02347, -6.00000, -0.03145, 
0.03702, -5.99523, -0.05001, 
0.05367, -5.98593, -0.07435, 
0.07270, -5.97057, -0.10510, 
0.09309, -5.94757, -0.14316, 
0.11304, -5.91564, -0.18900, 
0.12975, -5.87435, -0.24201, 
0.13964, -5.82489, -0.30010, 
0.13911, -5.77052, -0.35957, 
0.12552, -5.71645, -0.41549, 
0.09818, -5.66919, -0.46236, 
0.05897, -5.63525, -0.49508, 
0.01220, -5.61969, -0.50984, 
-0.03618, -5.62495, -0.50487, 
-0.07984, -5.65019, -0.48077, 
-0.11351, -5.69155, -0.44039, 
-0.13405, -5.74306, -0.38831, 
-0.14088, -5.79804, -0.32995, 
-0.13578, -5.85049, -0.27061, 
-0.12201, -5.89613, -0.21470, 
-0.10327, -5.93278, -0.16511, 
-0.08282, -5.96012, -0.12317, 
-0.06294, -5.97910, -0.08886, 
-0.04500, -5.99124, -0.06143, 
-0.02981, -5.99809, -0.04003, 
-0.01812, -6.00116, -0.02433, 
-0.01086, -6.00212, -0.01483, 
-0.00908, -6.00301, -0.01282, 
-0.01343, -6.00647, -0.01997, 
-0.02358, -6.01535, -0.03770, 
-0.03774, -6.03213, -0.06641, 
-0.05267, -6.05800, -0.10498, 
-0.06424, -6.09209, -0.15044, 
-0.06842, -6.13115, -0.19821, 
-0.06254, -6.16995, -0.24265, 
-0.04617, -6.20228, -0.27801, 
-0.02146, -6.22244, -0.29943, 
0.00727, -6.22667, -0.30388, 
0.03463, -6.21418, -0.29070, 
0.05559, -6.18731, -0.26180, 
0.06683, -6.15097, -0.22122, 
0.06746, -6.11129, -0.17438, 
0.05914, -6.07416, -0.12710, 
0.04536, -6.04393, -0.08461, 
0.03033, -6.02264, -0.05071, 
0.01785, -6.01005, -0.02745, 
0.01048, -6.00424, -0.01515, 
0.00923, -6.00242, -0.01278, 
0.01387, -6.00179, -0.01874, 
0.02347, -6.00000, -0.03145, 
0.02368, -6.00000, -0.02782, 
0.02998, -5.99613, -0.03551, 
0.03780, -5.99009, -0.04591, 
0.04859, -5.98033, -0.06158, 
0.06330, -5.96435, -0.08534, 
0.08135, -5.93929, -0.11923, 
0.10011, -5.90305, -0.16370, 
0.11516, -5.85559, -0.21697, 
0.12135, -5.79981, -0.27498, 
0.11436, -5.74165, -0.33188, 
0.09227, -5.68911, -0.38093, 
0.05649, -5.65058, -0.41577, 
0.01178, -5.63273, -0.43163, 
-0.03485, -5.63878, -0.42628, 
-0.07586, -5.66762, -0.40048, 
-0.10520, -5.71414, -0.35781, 
-0.11970, -5.77056, -0.30399, 
-0.11968, -5.82843, -0.24572, 
-0.10842, -5.88062, -0.18944, 
-0.09088, -5.92263, -0.14020, 
-0.07202, -5.95312, -0.10094, 
-0.05545, -5.97330, -0.07229, 
-0.04274, -5.98581, -0.05290, 
-0.03361, -5.99345, -0.04023, 
-0.02672, -5.99828, -0.03146, 
-0.02076, -6.00133, -0.02444, 
-0.01527, -6.00297, -0.01827, 
-0.01088, -6.00361, -0.01347, 
-0.00894, -6.00431, -0.01166, 
-0.01064, -6.00692, -0.01491, 
-0.01615, -6.01375, -0.02492, 
-0.02418, -6.02663, -0.04225, 
-0.03207, -6.04598, -0.06585, 
-0.03664, -6.07023, -0.09305, 
-0.03526, -6.09583, -0.11994, 
-0.02694, -6.11802, -0.14220, 
-0.01275, -6.13220, -0.15601, 
0.00434, -6.13520, -0.15890, 
0.02043, -6.12636, -0.15036, 
0.03195, -6.10766, -0.13191, 
0.03680, -6.08314, -0.10681, 
0.03496, -6.05768, -0.07923, 
0.02834, -6.03554, -0.05340, 
0.01999, -6.01936, -0.03269, 
0.01296, -6.00967, -0.01900, 
0.00929, -6.00523, -0.01252, 
0.00952, -6.00385, -0.01206, 
0.01286, -6.00337, -0.01562, 
0.01794, -6.00231, -0.02125, 
0.02368, -6.00000, -0.02782, 
0.02334, -6.00000, -0.02410, 
0.02208, -5.99715, -0.02299, 
0.02236, -5.99414, -0.02387, 
0.02788, -5.98871, -0.03106, 
0.04121, -5.97679, -0.04884, 
0.06234, -5.95347, -0.08032, 
0.08788, -5.91489, -0.12632, 
0.11154, -5.86013, -0.18473, 
0.12575, -5.79256, -0.25049, 
0.12398, -5.71993, -0.31626, 
0.10295, -5.65312, -0.37363, 
0.06409, -5.60358, -0.41465, 
0.01345, -5.58050, -0.43339, 
-0.03971, -5.58832, -0.42706, 
-0.08547, -5.62553, -0.39662, 
-0.11590, -5.68506, -0.34652, 
-0.12717, -5.75624, -0.28389, 
-0.12029, -5.82755, -0.21711, 
-0.10041, -5.88943, -0.15423, 
-0.07490, -5.93624, -0.10157, 
-0.05093, -5.96685, -0.06275, 
-0.03349, -5.98387, -0.03839, 
-0.02426, -5.99195, -0.02639, 
-0.02179, -5.99576, -0.02293, 
-0.02274, -5.99854, -0.02353, 
-0.02351, -6.00151, -0.02433, 
-0.02175, -6.00424, -0.02288, 
-0.01711, -6.00568, -0.01861, 
-0.01102, -6.00531, -0.01263, 
-0.00577, -6.00376, -0.00711, 
-0.00330, -6.00281, -0.00448, 
-0.00421, -6.00464, -0.00647, 
-0.00751, -6.01077, -0.01355, 
-0.01105, -6.02118, -0.02467, 
-0.01255, -6.03409, -0.03751, 
-0.01058, -6.04635, -0.04909, 
-0.00527, -6.05458, -0.05662, 
0.00181, -6.05636, -0.05822, 
0.00827, -6.05116, -0.05351, 
0.01203, -6.04052, -0.04365, 
0.01217, -6.02750, -0.03106, 
0.00940, -6.01551, -0.01873, 
0.00568, -6.00712, -0.00941, 
0.00336, -6.00326, -0.00483, 
0.00412, -6.00307, -0.00530, 
0.00815, -6.00459, -0.00965, 
0.01411, -6.00571, -0.01571, 
0.01973, -6.00517, -0.02107, 
0.02302, -6.00297, -0.02396, 
0.02334, -6.00000, -0.02410, 
0.02244, -6.00000, -0.02038, 
0.01449, -5.99813, -0.01326, 
0.01037, -5.99728, -0.00973, 
0.01568, -5.99365, -0.01537, 
0.03394, -5.98088, -0.03538, 
0.06463, -5.95177, -0.07324, 
0.10243, -5.90081, -0.12949, 
0.13809, -5.82685, -0.20114, 
0.16079, -5.73476, -0.28169, 
0.16137, -5.63547, -0.36205, 
0.13533, -5.54402, -0.43196, 
0.08468, -5.47621, -0.48187, 
0.01781, -5.44462, -0.50464, 
-0.05254, -5.45533, -0.49695, 
-0.11269, -5.50625, -0.45994, 
-0.15171, -5.58775, -0.39895, 
-0.16426, -5.68514, -0.32253, 
-0.15171, -5.78251, -0.24082, 
-0.12120, -5.86655, -0.16372, 
-0.08314, -5.92922, -0.09917, 
-0.04795, -5.96879, -0.05196, 
-0.02312, -5.98887, -0.02330, 
-0.01155, -5.99616, -0.01105, 
-0.01158, -5.99775, -0.01071, 
-0.01835, -5.99882, -0.01670, 
-0.02610, -6.00168, -0.02375, 
-0.03029, -6.00590, -0.02803, 
-0.02893, -6.00961, -0.02768, 
-0.02276, -6.01096, -0.02294, 
-0.01437, -6.00935, -0.01557, 
-0.00674, -6.00574, -0.00804, 
-0.00196, -6.00215, -0.00264, 
-0.00047, -6.00068, -0.00075, 
-0.00125, -6.00239, -0.00245, 
-0.00251, -6.00683, -0.00661, 
-0.00279, -6.01222, -0.01138, 
-0.00157, -6.01625, -0.01482, 
0.00055, -6.01715, -0.01559, 
0.00235, -6.01454, -0.01338, 
0.00284, -6.00955, -0.00905, 
0.00193, -6.00436, -0.00433, 
0.00068, -6.00112, -0.00119, 
0.00084, -6.00105, -0.00122, 
0.00392, -6.00380, -0.00496, 
0.01029, -6.00768, -0.01166, 
0.01865, -6.01050, -0.01943, 
0.02631, -6.01065, -0.02578, 
0.03031, -6.00795, -0.02846, 
0.02883, -6.00372, -0.02640, 
0.02244, -6.00000, -0.02038, 
0.02101, -6.00000, -0.01675, 
0.00816, -5.99895, -0.00656, 
0.00374, -5.99902, -0.00309, 
0.01464, -5.99407, -0.01260, 
0.04433, -5.97504, -0.04057, 
0.09067, -5.93233, -0.09022, 
0.14535, -5.85923, -0.16136, 
0.19531, -5.75509, -0.24981, 
0.22595, -5.62727, -0.34759, 
0.22535, -5.49092, -0.44398, 
0.18808, -5.36630, -0.52715, 
0.11732, -5.27436, -0.58620, 
0.02464, -5.23164, -0.61306, 
-0.07273, -5.24611, -0.60400, 
-0.15634, -5.31505, -0.56028, 
-0.21131, -5.42579, -0.48794, 
-0.23008, -5.55897, -0.39669, 
-0.21390, -5.69336, -0.29816, 
-0.17185, -5.81078, -0.20384, 
-0.11770, -5.89980, -0.12327, 
-0.06580, -5.95717, -0.06261, 
-0.02712, -5.98694, -0.02401, 
-0.00695, -5.99769, -0.00584, 
-0.00442, -5.99914, -0.00359, 
-0.01402, -5.99910, -0.01120, 
-0.02821, -6.00181, -0.02254, 
-0.04022, -6.00783, -0.03267, 
-0.04593, -6.01525, -0.03859, 
-0.04458, -6.02147, -0.03946, 
-0.03807, -6.02478, -0.03622, 
-0.02949, -6.02511, -0.03089, 
-0.02164, -6.02383, -0.02567, 
-0.01594, -6.02285, -0.02222, 
-0.01230, -6.02357, -0.02120, 
-0.00964, -6.02619, -0.02225, 
-0.00677, -6.02966, -0.02426, 
-0.00312, -6.03237, -0.02593, 
0.00106, -6.03299, -0.02632, 
0.00505, -6.03121, -0.02521, 
0.00829, -6.02792, -0.02322, 
0.01093, -6.02469, -0.02153, 
0.01392, -6.02296, -0.02141, 
0.01849, -6.02319, -0.02365, 
0.02535, -6.02455, -0.02814, 
0.03384, -6.02525, -0.03367, 
0.04178, -6.02353, -0.03824, 
0.04607, -6.01865, -0.03964, 
0.04398, -6.01153, -0.03626, 
0.03482, -6.00449, -0.02800, 
0.02101, -6.00000, -0.01675, 
0.01911, -6.00000, -0.01333, 
0.00366, -5.99953, -0.00258, 
0.00287, -5.99925, -0.00207, 
0.02411, -5.99024, -0.01814, 
0.06987, -5.96065, -0.05593, 
0.13555, -5.89883, -0.11799, 
0.20923, -5.79737, -0.20317, 
0.27371, -5.65678, -0.30622, 
0.31067, -5.48752, -0.41804, 
0.30571, -5.30939, -0.52683, 
0.25284, -5.14809, -0.61987, 
0.15685, -5.02981, -0.68555, 
0.03287, -4.97504, -0.71534, 
-0.09709, -4.99358, -0.70529, 
-0.20951, -5.08210, -0.65676, 
-0.28523, -5.22494, -0.57610, 
-0.31404, -5.39804, -0.47361, 
-0.29668, -5.57469, -0.36172, 
-0.24379, -5.73155, -0.25295, 
-0.17238, -5.85325, -0.15792, 
-0.10080, -5.93438, -0.08390, 
-0.04403, -5.97880, -0.03409, 
-0.01043, -5.99654, -0.00767, 
-0.00090, -5.99983, -0.00064, 
-0.01012, -5.99935, -0.00707, 
-0.02947, -6.00189, -0.02060, 
-0.05018, -6.00977, -0.03566, 
-0.06585, -6.02186, -0.04840, 
-0.07360, -6.03544, -0.05698, 
-0.07375, -6.04801, -0.06139, 
-0.06859, -6.05839, -0.06283, 
-0.06072, -6.06686, -0.06300, 
-0.05195, -6.07447, -0.06334, 
-0.04285, -6.08213, -0.06462, 
-0.03307, -6.08985, -0.06678, 
-0.02207, -6.09668, -0.06917, 
-0.00976, -6.10116, -0.07089, 
0.00327, -6.10212, -0.07127, 
0.01605, -6.09930, -0.07017, 
0.02774, -6.09346, -0.06801, 
0.03808, -6.08602, -0.06562, 
0.04745, -6.07827, -0.06385, 
0.05638, -6.07070, -0.06308, 
0.06485, -6.06280, -0.06297, 
0.07166, -6.05348, -0.06238, 
0.07451, -6.04196, -0.05965, 
0.07076, -6.02865, -0.05325, 
0.05891, -6.01545, -0.04248, 
0.04013, -6.00517, -0.02823, 
0.01911, -6.00000, -0.01333, 
0.01682, -6.00000, -0.01019, 
0.00108, -5.99986, -0.00066, 
0.00657, -5.99828, -0.00412, 
0.04035, -5.98367, -0.02639, 
0.10328, -5.94184, -0.07185, 
0.18799, -5.85970, -0.14220, 
0.27904, -5.72977, -0.23547, 
0.35560, -5.55409, -0.34574, 
0.39635, -5.34618, -0.46349, 
0.38513, -5.12998, -0.57678, 
0.31583, -4.93585, -0.67290, 
0.19493, -4.79426, -0.74042, 
0.04076, -4.72888, -0.77095, 
-0.12049, -4.75100, -0.76067, 
-0.26093, -4.85678, -0.71085, 
-0.35764, -5.02817, -0.62775, 
-0.39790, -5.23730, -0.52149, 
-0.38165, -5.45288, -0.40439, 
-0.32051, -5.64708, -0.28900, 
-0.23395, -5.80084, -0.18625, 
-0.14371, -5.90646, -0.10395, 
-0.06842, -5.96705, -0.04604, 
-0.01969, -5.99346, -0.01258, 
-0.00062, -5.99988, -0.00039, 
-0.00690, -5.99956, -0.00419, 
-0.02954, -6.00190, -0.01794, 
-0.05838, -6.01137, -0.03606, 
-0.08495, -6.02820, -0.05426, 
-0.10406, -6.05011, -0.07002, 
-0.11399, -6.07420, -0.08245, 
-0.11545, -6.09828, -0.09191, 
-0.11019, -6.12133, -0.09936, 
-0.09980, -6.14308, -0.10575, 
-0.08518, -6.16328, -0.11164, 
-0.06667, -6.18116, -0.11702, 
-0.04456, -6.19523, -0.12139, 
-0.01966, -6.20380, -0.12412, 
0.00659, -6.20559, -0.12469, 
0.03238, -6.20030, -0.12300, 
0.05603, -6.18878, -0.11937, 
0.07640, -6.17259, -0.11442, 
0.09299, -6.15340, -0.10875, 
0.10556, -6.13237, -0.10264, 
0.11354, -6.10996, -0.09582, 
0.11567, -6.08633, -0.08750, 
0.11017, -6.06205, -0.07665, 
0.09562, -6.03871, -0.06253, 
0.07236, -6.01897, -0.04535, 
0.04378, -6.00565, -0.02676, 
0.01682, -6.00000, -0.01019, 
0.01424, -6.00000, -0.00743, 
0.00011, -5.99999, -0.00006, 
0.01253, -5.99671, -0.00676, 
0.05766, -5.97666, -0.03245, 
0.13453, -5.92423, -0.08055, 
0.23336, -5.82584, -0.15191, 
0.33610, -5.67450, -0.24410, 
0.41967, -5.47375, -0.35116, 
0.46111, -5.23936, -0.46405, 
0.44356, -4.99798, -0.57168, 
0.36128, -4.78272, -0.66244, 
0.22207, -4.62640, -0.72591, 
0.04636, -4.55439, -0.75456, 
-0.13711, -4.57874, -0.74491, 
-0.29778, -4.69535, -0.69814, 
-0.41035, -4.88494, -0.61987, 
-0.46037, -5.11755, -0.51926, 
-0.44692, -5.35931, -0.40753, 
-0.38179, -5.57960, -0.29627, 
-0.28562, -5.75685, -0.19569, 
-0.18216, -5.88143, -0.11339, 
-0.09253, -5.95544, -0.05358, 
-0.03087, -5.98975, -0.01697, 
-0.00248, -5.99952, -0.00132, 
-0.00443, -5.99972, -0.00232, 
-0.02818, -6.00181, -0.01473, 
-0.06297, -6.01226, -0.03347, 
-0.09888, -6.03283, -0.05435, 
-0.12880, -6.06203, -0.07458, 
-0.14892, -6.09694, -0.09270, 
-0.15817, -6.13465, -0.10837, 
-0.15702, -6.17290, -0.12185, 
-0.14647, -6.20998, -0.13356, 
-0.12744, -6.24428, -0.14374, 
-0.10078, -6.27387, -0.15224, 
-0.06767, -6.29649, -0.15865, 
-0.02990, -6.30994, -0.16245, 
0.01003, -6.31272, -0.16323, 
0.04923, -6.30448, -0.16091, 
0.08494, -6.28619, -0.15574, 
0.11500, -6.25980, -0.14822, 
0.13796, -6.22758, -0.13884, 
0.15286, -6.19168, -0.12790, 
0.15883, -6.15382, -0.11535, 
0.15489, -6.11560, -0.10083, 
0.14020, -6.07896, -0.08395, 
0.11490, -6.04652, -0.06467, 
0.08131, -6.02132, -0.04385, 
0.04486, -6.00578, -0.02360, 
0.01424, -6.00000, -0.00743, 
0.01152, -6.00000, -0.00510, 
0.00015, -5.99998, -0.00007, 
0.01808, -5.99526, -0.00828, 
0.07014, -5.97160, -0.03350, 
0.15381, -5.91338, -0.07814, 
0.25791, -5.80752, -0.14246, 
0.36345, -5.64802, -0.22397, 
0.44702, -5.43946, -0.31738, 
0.48589, -5.19847, -0.41492, 
0.46384, -4.95217, -0.50726, 
0.37584, -4.73368, -0.58473, 
0.23029, -4.57556, -0.63874, 
0.04801, -4.50286, -0.66308, 
-0.14206, -4.52744, -0.65489, 
-0.30921, -4.64526, -0.61513, 
-0.42788, -4.83732, -0.54843, 
-0.48310, -5.07399, -0.46235, 
-0.47327, -5.32153, -0.36619, 
-0.40949, -5.54911, -0.26962, 
-0.31191, -5.73446, -0.18133, 
-0.20434, -5.86699, -0.10793, 
-0.10852, -5.94774, -0.05332, 
-0.03981, -5.98678, -0.01857, 
-0.00501, -5.99902, -0.00226, 
-0.00269, -5.99983, -0.00119, 
-0.02534, -6.00163, -0.01124, 
-0.06255, -6.01218, -0.02821, 
-0.10394, -6.03451, -0.04848, 
-0.14124, -6.06802, -0.06940, 
-0.16914, -6.11010, -0.08934, 
-0.18499, -6.15749, -0.10755, 
-0.18804, -6.20705, -0.12381, 
-0.17852, -6.25592, -0.13813, 
-0.15718, -6.30128, -0.15043, 
-0.12520, -6.34020, -0.16047, 
-0.08437, -6.36967, -0.16785, 
-0.03734, -6.38706, -0.17213, 
0.01253, -6.39063, -0.17301, 
0.06144, -6.38001, -0.17040, 
0.10575, -6.35629, -0.16452, 
0.14242, -6.32173, -0.15575, 
0.16926, -6.27922, -0.14454, 
0.18481, -6.23174, -0.13121, 
0.18812, -6.18218, -0.11592, 
0.17865, -6.13333, -0.09868, 
0.15658, -6.08819, -0.07955, 
0.12350, -6.05000, -0.05898, 
0.08330, -6.02184, -0.03812, 
0.04281, -6.00552, -0.01911, 
0.01152, -6.00000, -0.00510, 
0.00878, -6.00000, -0.00323, 
0.00061, -5.99992, -0.00022, 
0.02101, -5.99449, -0.00799, 
0.07344, -5.97027, -0.02916, 
0.15448, -5.91300, -0.06525, 
0.25296, -5.81121, -0.11616, 
0.35094, -5.66013, -0.17979, 
0.42689, -5.46469, -0.25197, 
0.46033, -5.24064, -0.32679, 
0.43694, -5.01296, -0.39724, 
0.35265, -4.81180, -0.45612, 
0.21557, -4.66663, -0.49706, 
0.04490, -4.59997, -0.51549, 
-0.13289, -4.62250, -0.50929, 
-0.28974, -4.73058, -0.47917, 
-0.40219, -4.90713, -0.42856, 
-0.45627, -5.12542, -0.36302, 
-0.45002, -5.35486, -0.28947, 
-0.39304, -5.56722, -0.21514, 
-0.30332, -5.74178, -0.14660, 
-0.20253, -5.86817, -0.08893, 
-0.11090, -5.94659, -0.04530, 
-0.04325, -5.98564, -0.01677, 
-0.00688, -5.99866, -0.00258, 
-0.00155, -5.99990, -0.00057, 
-0.02120, -6.00136, -0.00782, 
-0.05666, -6.01103, -0.02124, 
-0.09818, -6.03260, -0.03807, 
-0.13747, -6.06620, -0.05615, 
-0.16858, -6.10974, -0.07403, 
-0.18798, -6.16003, -0.09085, 
-0.19401, -6.21363, -0.10620, 
-0.18630, -6.26707, -0.11983, 
-0.16532, -6.31689, -0.13153, 
-0.13233, -6.35960, -0.14101, 
-0.08943, -6.39183, -0.14791, 
-0.03963, -6.41079, -0.15188, 
0.01330, -6.41468, -0.15268, 
0.06517, -6.40311, -0.15028, 
0.11196, -6.37722, -0.14480, 
0.15022, -6.33935, -0.13657, 
0.17741, -6.29265, -0.12594, 
0.19186, -6.24059, -0.11324, 
0.19272, -6.18664, -0.09873, 
0.17989, -6.13425, -0.08260, 
0.15432, -6.08691, -0.06518, 
0.11853, -6.04799, -0.04706, 
0.07723, -6.02025, -0.02938, 
0.03758, -6.00485, -0.01394, 
0.00878, -6.00000, -0.00323, 
0.00620, -6.00000, -0.00184, 
0.00097, -5.99987, -0.00029, 
0.02022, -5.99470, -0.00620, 
0.06613, -5.97323, -0.02117, 
0.13521, -5.92385, -0.04606, 
0.21774, -5.83750, -0.08064, 
0.29871, -5.71071, -0.12342, 
0.36046, -5.54800, -0.17159, 
0.38642, -5.36256, -0.22124, 
0.36524, -5.17493, -0.26780, 
0.29392, -5.00967, -0.30660, 
0.17935, -4.89065, -0.33352, 
0.03733, -4.83606, -0.34563, 
-0.11050, -4.85450, -0.34156, 
-0.24124, -4.94306, -0.32176, 
-0.33565, -5.08793, -0.28844, 
-0.38213, -5.26752, -0.24520, 
-0.37879, -5.45698, -0.19650, 
-0.33310, -5.63322, -0.14705, 
-0.25950, -5.77908, -0.10115, 
-0.17563, -5.88568, -0.06220, 
-0.09823, -5.95269, -0.03236, 
-0.03991, -5.98675, -0.01248, 
-0.00728, -5.99858, -0.00220, 
-0.00084, -5.99995, -0.00025, 
-0.01617, -6.00104, -0.00481, 
-0.04599, -6.00896, -0.01391, 
-0.08221, -6.02729, -0.02571, 
-0.11758, -6.05662, -0.03873, 
-0.14660, -6.09542, -0.05191, 
-0.16563, -6.14100, -0.06456, 
-0.17271, -6.19017, -0.07624, 
-0.16712, -6.23958, -0.08670, 
-0.14910, -6.28580, -0.09567, 
-0.11976, -6.32544, -0.10292, 
-0.08110, -6.35533, -0.10817, 
-0.03597, -6.37288, -0.11118, 
0.01207, -6.37648, -0.11179, 
0.05914, -6.36578, -0.10997, 
0.10144, -6.34178, -0.10581, 
0.13574, -6.30665, -0.09953, 
0.15961, -6.26330, -0.09138, 
0.17150, -6.21506, -0.08164, 
0.17073, -6.16535, -0.07054, 
0.15752, -6.11756, -0.05833, 
0.13315, -6.07499, -0.04536, 
0.10039, -6.04064, -0.03214, 
0.06378, -6.01673, -0.01957, 
0.02978, -6.00384, -0.00891, 
0.00620, -6.00000, -0.00184, 
0.00391, -6.00000, -0.00089, 
0.00101, -5.99987, -0.00023, 
0.01601, -5.99580, -0.00378, 
0.05012, -5.97971, -0.01234, 
0.10052, -5.94339, -0.02633, 
0.16000, -5.88059, -0.04557, 
0.21776, -5.78911, -0.06919, 
0.26127, -5.67238, -0.09564, 
0.27891, -5.53991, -0.12280, 
0.26281, -5.40631, -0.14819, 
0.21105, -5.28891, -0.16930, 
0.12861, -5.20448, -0.18393, 
0.02675, -5.16579, -0.19050, 
-0.07921, -5.17886, -0.18829, 
-0.17309, -5.24164, -0.17754, 
-0.24124, -5.34448, -0.15943, 
-0.27536, -5.47220, -0.13588, 
-0.27393, -5.60730, -0.10928, 
-0.24208, -5.73344, -0.08218, 
-0.18987, -5.83836, -0.05691, 
-0.12973, -5.91555, -0.03533, 
-0.07364, -5.96454, -0.01865, 
-0.03075, -5.98979, -0.00740, 
-0.00611, -5.99881, -0.00142, 
-0.00043, -5.99997, -0.00010, 
-0.01086, -6.00070, -0.00248, 
-0.03239, -6.00631, -0.00753, 
-0.05922, -6.01966, -0.01424, 
-0.08599, -6.04141, -0.02178, 
-0.10844, -6.07059, -0.02953, 
-0.12363, -6.10525, -0.03706, 
-0.12983, -6.14295, -0.04408, 
-0.12628, -6.18104, -0.05038, 
-0.11308, -6.21676, -0.05580, 
-0.09106, -6.24743, -0.06018, 
-0.06175, -6.27054, -0.06334, 
-0.02741, -6.28411, -0.06515, 
0.00920, -6.28689, -0.06551, 
0.04504, -6.27862, -0.06442, 
0.07719, -6.26007, -0.06192, 
0.10309, -6.23289, -0.05813, 
0.12086, -6.19937, -0.05321, 
0.12928, -6.16212, -0.04733, 
0.12792, -6.12388, -0.04064, 
0.11708, -6.08738, -0.03334, 
0.09797, -6.05518, -0.02566, 
0.07291, -6.02952, -0.01795, 
0.04549, -6.01193, -0.01073, 
0.02060, -6.00266, -0.00474, 
0.00391, -6.00000, -0.00089, 
0.00206, -6.00000, -0.00033, 
0.00073, -5.99991, -0.00012, 
0.00989, -5.99741, -0.00165, 
0.03010, -5.98781, -0.00525, 
0.05959, -5.96644, -0.01106, 
0.09411, -5.92976, -0.01899, 
0.12739, -5.87663, -0.02867, 
0.15224, -5.80910, -0.03948, 
0.16204, -5.73270, -0.05054, 
0.15236, -5.65581, -0.06085, 
0.12217, -5.58836, -0.06942, 
0.07439, -5.53990, -0.07535, 
0.01547, -5.51771, -0.07801, 
-0.04580, -5.52520, -0.07712, 
-0.10015, -5.56122, -0.07276, 
-0.13974, -5.62027, -0.06542, 
-0.15979, -5.69371, -0.05585, 
-0.15937, -5.77154, -0.04503, 
-0.14131, -5.84440, -0.03398, 
-0.11135, -5.90521, -0.02364, 
-0.07658, -5.95015, -0.01477, 
-0.04390, -5.97886, -0.00788, 
-0.01867, -5.99380, -0.00318, 
-0.00391, -5.99924, -0.00064, 
-0.00019, -5.99999, -0.00003, 
-0.00600, -6.00039, -0.00097, 
-0.01850, -6.00360, -0.00305, 
-0.03436, -6.01141, -0.00585, 
-0.05041, -6.02427, -0.00905, 
-0.06406, -6.04170, -0.01236, 
-0.07348, -6.06255, -0.01560, 
-0.07752, -6.08536, -0.01864, 
-0.07567, -6.10848, -0.02138, 
-0.06793, -6.13021, -0.02374, 
-0.05479, -6.14888, -0.02565, 
-0.03719, -6.16295, -0.02702, 
-0.01652, -6.17120, -0.02781, 
0.00554, -6.17289, -0.02797, 
0.02714, -6.16786, -0.02749, 
0.04647, -6.15657, -0.02640, 
0.06199, -6.14003, -0.02476, 
0.07252, -6.11963, -0.02262, 
0.07735, -6.09699, -0.02006, 
0.07622, -6.07381, -0.01715, 
0.06939, -6.05179, -0.01400, 
0.05767, -6.03248, -0.01070, 
0.04254, -6.01722, -0.00742, 
0.02621, -6.00687, -0.00438, 
0.01162, -6.00150, -0.00189, 
0.00206, -6.00000, -0.00033, 
0.00076, -6.00000, -0.00007, 
0.00032, -5.99996, -0.00003, 
0.00403, -5.99894, -0.00040, 
0.01205, -5.99512, -0.00125, 
0.02366, -5.98667, -0.00262, 
0.03719, -5.97225, -0.00448, 
0.05017, -5.95142, -0.00674, 
0.05980, -5.92501, -0.00925, 
0.06354, -5.89519, -0.01182, 
0.05966, -5.86522, -0.01422, 
0.04780, -5.83896, -0.01621, 
0.02908, -5.82010, -0.01758, 
0.00605, -5.81147, -0.01820, 
-0.01791, -5.81439, -0.01799, 
-0.03917, -5.82840, -0.01698, 
-0.05469, -5.85138, -0.01528, 
-0.06261, -5.87999, -0.01306, 
-0.06254, -5.91034, -0.01055, 
-0.05558, -5.93880, -0.00797, 
-0.04392, -5.96261, -0.00556, 
-0.03033, -5.98026, -0.00349, 
-0.01749, -5.99158, -0.00187, 
-0.00752, -5.99750, -0.00076, 
-0.00163, -5.99968, -0.00016, 
-0.00006, -6.00000, -0.00001, 
-0.00228, -6.00015, -0.00022, 
-0.00717, -6.00140, -0.00071, 
-0.01346, -6.00447, -0.00137, 
-0.01988, -6.00957, -0.00213, 
-0.02538, -6.01652, -0.00292, 
-0.02922, -6.02488, -0.00370, 
-0.03092, -6.03404, -0.00444, 
-0.03025, -6.04336, -0.00510, 
-0.02719, -6.05212, -0.00567, 
-0.02195, -6.05966, -0.00613, 
-0.01491, -6.06534, -0.00647, 
-0.00662, -6.06867, -0.00666, 
0.00222, -6.06935, -0.00669, 
0.01088, -6.06732, -0.00658, 
0.01863, -6.06276, -0.00632, 
0.02483, -6.05609, -0.00592, 
0.02901, -6.04785, -0.00540, 
0.03088, -6.03873, -0.00478, 
0.03036, -6.02940, -0.00408, 
0.02755, -6.02056, -0.00332, 
0.02280, -6.01284, -0.00252, 
0.01672, -6.00677, -0.00174, 
0.01023, -6.00268, -0.00102, 
0.00447, -6.00058, -0.00043, 
0.00076, -6.00000, -0.00007, 
0.00008, -6.00000, -0.00000, 
0.00004, -5.99999, -0.00000, 
0.00048, -5.99988, -0.00002, 
0.00141, -5.99943, -0.00005, 
0.00276, -5.99845, -0.00010, 
0.00433, -5.99677, -0.00017, 
0.00583, -5.99436, -0.00026, 
0.00694, -5.99130, -0.00036, 
0.00737, -5.98785, -0.00046, 
0.00691, -5.98439, -0.00055, 
0.00553, -5.98135, -0.00062, 
0.00337, -5.97917, -0.00068, 
0.00070, -5.97818, -0.00070, 
-0.00207, -5.97851, -0.00069, 
-0.00453, -5.98013, -0.00065, 
-0.00633, -5.98279, -0.00059, 
-0.00726, -5.98609, -0.00050, 
-0.00725, -5.98960, -0.00041, 
-0.00645, -5.99290, -0.00031, 
-0.00511, -5.99565, -0.00022, 
-0.00353, -5.99770, -0.00014, 
-0.00204, -5.99902, -0.00007, 
-0.00088, -5.99971, -0.00003, 
-0.00019, -5.99996, -0.00001, 
-0.00001, -6.00000, -0.00000, 
-0.00026, -6.00002, -0.00001, 
-0.00083, -6.00016, -0.00003, 
-0.00156, -6.00052, -0.00005, 
-0.00231, -6.00111, -0.00008, 
-0.00296, -6.00192, -0.00011, 
-0.00341, -6.00290, -0.00014, 
-0.00361, -6.00398, -0.00017, 
-0.00354, -6.00507, -0.00020, 
-0.00318, -6.00610, -0.00022, 
-0.00257, -6.00699, -0.00024, 
-0.00175, -6.00766, -0.00025, 
-0.00078, -6.00805, -0.00026, 
0.00026, -6.00813, -0.00026, 
0.00128, -6.00789, -0.00026, 
0.00218, -6.00735, -0.00025, 
0.00291, -6.00657, -0.00023, 
0.00340, -6.00560, -0.00021, 
0.00361, -6.00453, -0.00019, 
0.00355, -6.00343, -0.00016, 
0.00321, -6.00240, -0.00013, 
0.00265, -6.00149, -0.00010, 
0.00194, -6.00079, -0.00007, 
0.00118, -6.00031, -0.00004, 
0.00051, -6.00007, -0.00002, 
0.00008, -6.00000, -0.00000, 
0.00008, -6.00000, 0.00000, 
0.00004, -5.99999, 0.00000, 
0.00048, -5.99988, 0.00002, 
0.00141, -5.99943, 0.00005, 
0.00276, -5.99845, 0.00010, 
0.00433, -5.99677, 0.00017, 
0.00583, -5.99436, 0.00026, 
0.00694, -5.99130, 0.00036, 
0.00737, -5.98785, 0.00046, 
0.00691, -5.98439, 0.00055, 
0.00553, -5.98135, 0.00062, 
0.00337, -5.97917, 0.00068, 
0.00070, -5.97818, 0.00070, 
-0.00207, -5.97851, 0.00069, 
-0.00453, -5.98013, 0.00065, 
-0.00633, -5.98279, 0.00059, 
-0.00726, -5.98609, 0.00050, 
-0.00725, -5.98960, 0.00041, 
-0.00645, -5.99290, 0.00031, 
-0.00511, -5.99565, 0.00022, 
-0.00353, -5.99770, 0.00014, 
-0.00204, -5.99902, 0.00007, 
-0.00088, -5.99971, 0.00003, 
-0.00019, -5.99996, 0.00001, 
-0.00001, -6.00000, 0.00000, 
-0.00026, -6.00002, 0.00001, 
-0.00083, -6.00016, 0.00003, 
-0.00156, -6.00052, 0.00005, 
-0.00231, -6.00111, 0.00008, 
-0.00296, -6.00192, 0.00011, 
-0.00341, -6.00290, 0.00014, 
-0.00361, -6.00398, 0.00017, 
-0.00354, -6.00507, 0.00020, 
-0.00318, -6.00610, 0.00022, 
-0.00257, -6.00699, 0.00024, 
-0.00175, -6.00766, 0.00025, 
-0.00078, -6.00805, 0.00026, 
0.00026, -6.00813, 0.00026, 
0.00128, -6.00789, 0.00026, 
0.00218, -6.00735, 0.00025, 
0.00291, -6.00657, 0.00023, 
0.00340, -6.00560, 0.00021, 
0.00361, -6.00453, 0.00019, 
0.00355, -6.00343, 0.00016, 
0.00321, -6.00240, 0.00013, 
0.00265, -6.00149, 0.00010, 
0.00194, -6.00079, 0.00007, 
0.00118, -6.00031, 0.00004, 
0.00051, -6.00007, 0.00002, 
0.00008, -6.00000, 0.00000, 
0.00076, -6.00000, 0.00007, 
0.00032, -5.99996, 0.00003, 
0.00403, -5.99894, 0.00040, 
0.01205, -5.99512, 0.00125, 
0.02366, -5.98667, 0.00262, 
0.03719, -5.97225, 0.00448, 
0.05017, -5.95142, 0.00674, 
0.05980, -5.92501, 0.00925, 
0.06354, -5.89519, 0.01182, 
0.05966, -5.86522, 0.01422, 
0.04780, -5.83896, 0.01621, 
0.02908, -5.82010, 0.01758, 
0.00605, -5.81147, 0.01820, 
-0.01791, -5.81439, 0.01799, 
-0.03917, -5.82840, 0.01698, 
-0.05469, -5.85138, 0.01528, 
-0.06261, -5.87999, 0.01306, 
-0.06254, -5.91034, 0.01055, 
-0.05558, -5.93880, 0.00797, 
-0.04392, -5.96261, 0.00556, 
-0.03033, -5.98026, 0.00349, 
-0.01749, -5.99158, 0.00187, 
-0.00752, -5.99750, 0.00076, 
-0.00163, -5.99968, 0.00016, 
-0.00006, -6.00000, 0.00001, 
-0.00228, -6.00015, 0.00022, 
-0.00717, -6.00140, 0.00071, 
-0.01346, -6.00447, 0.00137, 
-0.01988, -6.00957, 0.00213, 
-0.02538, -6.01652, 0.00292, 
-0.02922, -6.02488, 0.00370, 
-0.03092, -6.03404, 0.00444, 
-0.03025, -6.04336, 0.00510, 
-0.02719, -6.05212, 0.00567, 
-0.02195, -6.05966, 0.00613, 
-0.01491, -6.06534, 0.00647, 
-0.00662, -6.06867, 0.00666, 
0.00222, -6.06935, 0.00669, 
0.01088, -6.06732, 0.00658, 
0.01863, -6.06276, 0.00632, 
0.02483, -6.05609, 0.00592, 
0.02901, -6.04785, 0.00540, 
0.03088, -6.03873, 0.00478, 
0.03036, -6.02940, 0.00408, 
0.02755, -6.02056, 0.00332, 
0.02280, -6.01284, 0.00252, 
0.01672, -6.00677, 0.00174, 
0.01023, -6.00268, 0.00102, 
0.00447, -6.00058, 0.00043, 
0.00076, -6.00000, 0.00007, 
0.00206, -6.00000, 0.00033, 
0.00073, -5.99991, 0.00012, 
0.00989, -5.99741, 0.00165, 
0.03010, -5.98781, 0.00525, 
0.05959, -5.96644, 0.01106, 
0.09411, -5.92976, 0.01899, 
0.12739, -5.87663, 0.02867, 
0.15224, -5.80910, 0.03948, 
0.16204, -5.73270, 0.05054, 
0.15236, -5.65581, 0.06085, 
0.12217, -5.58836, 0.06942, 
0.07439, -5.53990, 0.07535, 
0.01547, -5.51771, 0.07801, 
-0.04580, -5.52520, 0.07712, 
-0.10015, -5.56122, 0.07276, 
-0.13974, -5.62027, 0.06542, 
-0.15979, -5.69371, 0.05585, 
-0.15937, -5.77154, 0.04503, 
-0.14131, -5.84440, 0.03398, 
-0.11135, -5.90521, 0.02364, 
-0.07658, -5.95015, 0.01477, 
-0.04390, -5.97886, 0.00788, 
-0.01867, -5.99380, 0.00318, 
-0.00391, -5.99924, 0.00064, 
-0.00019, -5.99999, 0.00003, 
-0.00600, -6.00039, 0.00097, 
-0.01850, -6.00360, 0.00305, 
-0.03436, -6.01141, 0.00585, 
-0.05041, -6.02427, 0.00905, 
-0.06406, -6.04170, 0.01236, 
-0.07348, -6.06255, 0.01560, 
-0.07752, -6.08536, 0.01864, 
-0.07567, -6.10848, 0.02138, 
-0.06793, -6.13021, 0.02374, 
-0.05479, -6.14888, 0.02565, 
-0.03719, -6.16295, 0.02702, 
-0.01652, -6.17120, 0.02781, 
0.00554, -6.17289, 0.02797, 
0.02714, -6.16786, 0.02749, 
0.04647, -6.15657, 0.02640, 
0.06199, -6.14003, 0.02476, 
0.07252, -6.11963, 0.02262, 
0.07735, -6.09699, 0.02006, 
0.07622, -6.07381, 0.01715, 
0.06939, -6.05179, 0.01400, 
0.05767, -6.03248, 0.01070, 
0.04254, -6.01722, 0.00742, 
0.02621, -6.00687, 0.00438, 
0.01162, -6.00150, 0.00189, 
0.00206, -6.00000, 0.00033, 
0.00391, -6.00000, 0.00089, 
0.00101, -5.99987, 0.00023, 
0.01601, -5.99580, 0.00378, 
0.05012, -5.97971, 0.01234, 
0.10052, -5.94339, 0.02633, 
0.16000, -5.88059, 0.04557, 
0.21776, -5.78911, 0.06919, 
0.26127, -5.67238, 0.09564, 
0.27891, -5.53991, 0.12280, 
0.26281, -5.40631, 0.14819, 
0.21105, -5.28891, 0.16930, 
0.12861, -5.20448, 0.18393, 
0.02675, -5.16579, 0.19050, 
-0.07921, -5.17886, 0.18829, 
-0.17309, -5.24164, 0.17754, 
-0.24124, -5.34448, 0.15943, 
-0.27536, -5.47220, 0.13588, 
-0.27393, -5.60730, 0.10928, 
-0.24208, -5.73344, 0.08218, 
-0.18987, -5.83836, 0.05691, 
-0.12973, -5.91555, 0.03533, 
-0.07364, -5.96454, 0.01865, 
-0.03075, -5.98979, 0.00740, 
-0.00611, -5.99881, 0.00142, 
-0.00043, -5.99997, 0.00010, 
-0.01086, -6.00070, 0.00248, 
-0.03239, -6.00631, 0.00753, 
-0.05922, -6.01966, 0.01424, 
-0.08599, -6.04141, 0.02178, 
-0.10844, -6.07059, 0.02953, 
-0.12363, -6.10525, 0.03706, 
-0.12983, -6.14295, 0.04408, 
-0.12628, -6.18104, 0.05038, 
-0.11308, -6.21676, 0.05580, 
-0.09106, -6.24743, 0.06018, 
-0.06175, -6.27054, 0.06334, 
-0.02741, -6.28411, 0.06515, 
0.00920, -6.28689, 0.06551, 
0.04504, -6.27862, 0.06442, 
0.07719, -6.26007, 0.06192, 
0.10309, -6.23289, 0.05813, 
0.12086, -6.19937, 0.05321, 
0.12928, -6.16212, 0.04733, 
0.12792, -6.12388, 0.04064, 
0.11708, -6.08738, 0.03334, 
0.09797, -6.05518, 0.02566, 
0.07291, -6.02952, 0.01795, 
0.04549, -6.01193, 0.01073, 
0.02060, -6.00266, 0.00474, 
0.00391, -6.00000, 0.00089, 
0.00620, -6.00000, 0.00184, 
0.00097, -5.99987, 0.00029, 
0.02022, -5.99470, 0.00620, 
0.06613, -5.97323, 0.02117, 
0.13521, -5.92385, 0.04606, 
0.21774, -5.83750, 0.08064, 
0.29871, -5.71071, 0.12342, 
0.36046, -5.54800, 0.17159, 
0.38642, -5.36256, 0.22124, 
0.36524, -5.17493, 0.26780, 
0.29392, -5.00967, 0.30660, 
0.17935, -4.89065, 0.33352, 
0.03733, -4.83606, 0.34563, 
-0.11050, -4.85450, 0.34156, 
-0.24124, -4.94306, 0.32176, 
-0.33565, -5.08793, 0.28844, 
-0.38213, -5.26752, 0.24520, 
-0.37879, -5.45698, 0.19650, 
-0.33310, -5.63322, 0.14705, 
-0.25950, -5.77908, 0.10115, 
-0.17563, -5.88568, 0.06220, 
-0.09823, -5.95269, 0.03236, 
-0.03991, -5.98675, 0.01248, 
-0.00728, -5.99858, 0.00220, 
-0.00084, -5.99995, 0.00025, 
-0.01617, -6.00104, 0.00481, 
-0.04599, -6.00896, 0.01391, 
-0.08221, -6.02729, 0.02571, 
-0.11758, -6.05662, 0.03873, 
-0.14660, -6.09542, 0.05191, 
-0.16563, -6.14100, 0.06456, 
-0.17271, -6.19017, 0.07624, 
-0.16712, -6.23958, 0.08670, 
-0.14910, -6.28580, 0.09567, 
-0.11976, -6.32544, 0.10292, 
-0.08110, -6.35533, 0.10817, 
-0.03597, -6.37288, 0.11118, 
0.01207, -6.37648, 0.11179, 
0.05914, -6.36578, 0.10997, 
0.10144, -6.34178, 0.10581, 
0.13574, -6.30665, 0.09953, 
0.15961, -6.26330, 0.09138, 
0.17150, -6.21506, 0.08164, 
0.17073, -6.16535, 0.07054, 
0.15752, -6.11756, 0.05833, 
0.13315, -6.07499, 0.04536, 
0.10039, -6.04064, 0.03214, 
0.06378, -6.01673, 0.01957, 
0.02978, -6.00384, 0.00891, 
0.00620, -6.00000, 0.00184, 
0.00878, -6.00000, 0.00323, 
0.00061, -5.99992, 0.00022, 
0.02101, -5.99449, 0.00799, 
0.07344, -5.97027, 0.02916, 
0.15448, -5.91300, 0.06525, 
0.25296, -5.81121, 0.11616, 
0.35094, -5.66013, 0.17979, 
0.42689, -5.46469, 0.25197, 
0.46033, -5.24064, 0.32679, 
0.43694, -5.01296, 0.39724, 
0.35265, -4.81180, 0.45612, 
0.21557, -4.66663, 0.49706, 
0.04490, -4.59997, 0.51549, 
-0.13289, -4.62250, 0.50929, 
-0.28974, -4.73058, 0.47917, 
-0.40219, -4.90713, 0.42856, 
-0.45627, -5.12542, 0.36302, 
-0.45002, -5.35486, 0.28947, 
-0.39304, -5.56722, 0.21514, 
-0.30332, -5.74178, 0.14660, 
-0.20253, -5.86817, 0.08893, 
-0.11090, -5.94659, 0.04530, 
-0.04325, -5.98564, 0.01677, 
-0.00688, -5.99866, 0.00258, 
-0.00155, -5.99990, 0.00057, 
-0.02120, -6.00136, 0.00782, 
-0.05666, -6.01103, 0.02124, 
-0.09818, -6.03260, 0.03807, 
-0.13747, -6.06620, 0.05615, 
-0.16858, -6.10974, 0.07403, 
-0.18798, -6.16003, 0.09085, 
-0.19401, -6.21363, 0.10620, 
-0.18630, -6.26707, 0.11983, 
-0.16532, -6.31689, 0.13153, 
-0.13233, -6.35960, 0.14101, 
-0.08943, -6.39183, 0.14791, 
-0.03963, -6.41079, 0.15188, 
0.01330, -6.41468, 0.15268, 
0.06517, -6.40311, 0.15028, 
0.11196, -6.37722, 0.14480, 
0.15022, -6.33935, 0.13657, 
0.17741, -6.29265, 0.12594, 
0.19186, -6.24059, 0.11324, 
0.19272, -6.18664, 0.09873, 
0.17989, -6.13425, 0.08260, 
0.15432, -6.08691, 0.06518, 
0.11853, -6.04799, 0.04706, 
0.07723, -6.02025, 0.02938, 
0.03758, -6.00485, 0.01394, 
0.00878, -6.00000, 0.00323, 
0.01152, -6.00000, 0.00510, 
0.00015, -5.99998, 0.00007, 
0.01808, -5.99526, 0.00828, 
0.07014, -5.97160, 0.03350, 
0.15381, -5.91338, 0.07814, 
0.25791, -5.80752, 0.14246, 
0.36345, -5.64802, 0.22397, 
0.44702, -5.43946, 0.31738, 
0.48589, -5.19847, 0.41492, 
0.46384, -4.95217, 0.50726, 
0.37584, -4.73368, 0.58473, 
0.23029, -4.57556, 0.63874, 
0.04801, -4.50286, 0.66308, 
-0.14206, -4.52744, 0.65489, 
-0.30921, -4.64526, 0.61513, 
-0.42788, -4.83732, 0.54843, 
-0.48310, -5.07399, 0.46235, 
-0.47327, -5.32153, 0.36619, 
-0.40949, -5.54911, 0.26962, 
-0.31191, -5.73446, 0.18133, 
-0.20434, -5.86699, 0.10793, 
-0.10852, -5.94774, 0.05332, 
-0.03981, -5.98678, 0.01857, 
-0.00501, -5.99902, 0.00226, 
-0.00269, -5.99983, 0.00119, 
-0.02534, -6.00163, 0.01124, 
-0.06255, -6.01218, 0.02821, 
-0.10394, -6.03451, 0.04848, 
-0.14124, -6.06802, 0.06940, 
-0.16914, -6.11010, 0.08934, 
-0.18499, -6.15749, 0.10755, 
-0.18804, -6.20705, 0.12381, 
-0.17852, -6.25592, 0.13813, 
-0.15718, -6.30128, 0.15043, 
-0.12520, -6.34020, 0.16047, 
-0.08437, -6.36967, 0.16785, 
-0.03734, -6.38706, 0.17213, 
0.01253, -6.39063, 0.17301, 
0.06144, -6.38001, 0.17040, 
0.10575, -6.35629, 0.16452, 
0.14242, -6.32173, 0.15575, 
0.16926, -6.27922, 0.14454, 
0.18481, -6.23174, 0.13121, 
0.18812, -6.18218, 0.11592, 
0.17865, -6.13333, 0.09868, 
0.15658, -6.08819, 0.07955, 
0.12350, -6.05000, 0.05898, 
0.08330, -6.02184, 0.03812, 
0.04281, -6.00552, 0.01911, 
0.01152, -6.00000, 0.00510, 
0.01424, -6.00000, 0.00743, 
0.00011, -5.99999, 0.00006, 
0.01253, -5.99671, 0.00676, 
0.05766, -5.97666, 0.03245, 
0.13453, -5.92423, 0.08055, 
0.23336, -5.82584, 0.15191, 
0.33610, -5.67450, 0.24410, 
0.41967, -5.47375, 0.35116, 
0.46111, -5.23936, 0.46405, 
0.44356, -4.99798, 0.57168, 
0.36128, -4.78272, 0.66244, 
0.22207, -4.62640, 0.72591, 
0.04636, -4.55439, 0.75456, 
-0.13711, -4.57874, 0.74491, 
-0.29778, -4.69535, 0.69814, 
-0.41035, -4.88494, 0.61987, 
-0.46037, -5.11755, 0.51926, 
-0.44692, -5.35931, 0.40753, 
-0.38179, -5.57960, 0.29627, 
-0.28562, -5.75685, 0.19569, 
-0.18216, -5.88143, 0.11339, 
-0.09253, -5.95544, 0.05358, 
-0.03087, -5.98975, 0.01697, 
-0.00248, -5.99952, 0.00132, 
-0.00443, -5.99972, 0.00232, 
-0.02818, -6.00181, 0.01473, 
-0.06297, -6.01226, 0.03347, 
-0.09888, -6.03283, 0.05435, 
-0.12880, -6.06203, 0.07458, 
-0.14892, -6.09694, 0.09270, 
-0.15817, -6.13465, 0.10837, 
-0.15702, -6.17290, 0.12185, 
-0.14647, -6.20998, 0.13356, 
-0.12744, -6.24428, 0.14374, 
-0.10078, -6.27387, 0.15224, 
-0.06767, -6.29649, 0.15865, 
-0.02990, -6.30994, 0.16245, 
0.01003, -6.31272, 0.16323, 
0.04923, -6.30448, 0.16091, 
0.08494, -6.28619, 0.15574, 
0.11500, -6.25980, 0.14822, 
0.13796, -6.22758, 0.13884, 
0.15286, -6.19168, 0.12790, 
0.15883, -6.15382, 0.11535, 
0.15489, -6.11560, 0.10083, 
0.14020, -6.07896, 0.08395, 
0.11490, -6.04652, 0.06467, 
0.08131, -6.02132, 0.04385, 
0.04486, -6.00578, 0.02360, 
0.01424, -6.00000, 0.00743, 
0.01682, -6.00000, 0.01019, 
0.00108, -5.99986, 0.00066, 
0.00657, -5.99828, 0.00412, 
0.04035, -5.98367, 0.02639, 
0.10328, -5.94184, 0.07185, 
0.18799, -5.85970, 0.14220, 
0.27904, -5.72977, 0.23547, 
0.35560, -5.55409, 0.34574, 
0.39635, -5.34618, 0.46349, 
0.38513, -5.12998, 0.57678, 
0.31583, -4.93585, 0.67290, 
0.19493, -4.79426, 0.74042, 
0.04076, -4.72888, 0.77095, 
-0.12049, -4.75100, 0.76067, 
-0.26093, -4.85678, 0.71085, 
-0.35764, -5.02817, 0.62775, 
-0.39790, -5.23730, 0.52149, 
-0.38165, -5.45288, 0.40439, 
-0.32051, -5.64708, 0.28900, 
-0.23395, -5.80084, 0.18625, 
-0.14371, -5.90646, 0.10395, 
-0.06842, -5.96705, 0.04604, 
-0.01969, -5.99346, 0.01258, 
-0.00062, -5.99988, 0.00039, 
-0.00690, -5.99956, 0.00419, 
-0.02954, -6.00190, 0.01794, 
-0.05838, -6.01137, 0.03606, 
-0.08495, -6.02820, 0.05426, 
-0.10406, -6.05011, 0.07002, 
-0.11399, -6.07420, 0.08245, 
-0.11545, -6.09828, 0.09191, 
-0.11019, -6.12133, 0.09936, 
-0.09980, -6.14308, 0.10575, 
-0.08518, -6.16328, 0.11164, 
-0.06667, -6.18116, 0.11702, 
-0.04456, -6.19523, 0.12139, 
-0.01966, -6.20380, 0.12412, 
0.00659, -6.20559, 0.12469, 
0.03238, -6.20030, 0.12300, 
0.05603, -6.18878, 0.11937, 
0.07640, -6.17259, 0.11442, 
0.09299, -6.15340, 0.10875, 
0.10556, -6.13237, 0.10264, 
0.11354, -6.10996, 0.09582, 
0.11567, -6.08633, 0.08750, 
0.11017, -6.06205, 0.07665, 
0.09562, -6.03871, 0.06253, 
0.07236, -6.01897, 0.04535, 
0.04378, -6.00565, 0.02676, 
0.01682, -6.00000, 0.01019, 
0.01911, -6.00000, 0.01333, 
0.00366, -5.99953, 0.00258, 
0.00287, -5.99925, 0.00207, 
0.02411, -5.99024, 0.01814, 
0.06987, -5.96065, 0.05593, 
0.13555, -5.89883, 0.11799, 
0.20923, -5.79737, 0.20317, 
0.27371, -5.65678, 0.30622, 
0.31067, -5.48752, 0.41804, 
0.30571, -5.30939, 0.52683, 
0.25284, -5.14809, 0.61987, 
0.15685, -5.02981, 0.68555, 
0.03287, -4.97504, 0.71534, 
-0.09709, -4.99358, 0.70529, 
-0.20951, -5.08210, 0.65676, 
-0.28523, -5.22494, 0.57610, 
-0.31404, -5.39804, 0.47361, 
-0.29668, -5.57469, 0.36172, 
-0.24379, -5.73155, 0.25295, 
-0.17238, -5.85325, 0.15792, 
-0.10080, -5.93438, 0.08390, 
-0.04403, -5.97880, 0.03409, 
-0.01043, -5.99654, 0.00767, 
-0.00090, -5.99983, 0.00064, 
-0.01012, -5.99935, 0.00707, 
-0.02947, -6.00189, 0.02060, 
-0.05018, -6.00977, 0.03566, 
-0.06585, -6.02186, 0.04840, 
-0.07360, -6.03544, 0.05698, 
-0.07375, -6.04801, 0.06139, 
-0.06859, -6.05839, 0.06283, 
-0.06072, -6.06686, 0.06300, 
-0.05195, -6.07447, 0.06334, 
-0.04285, -6.08213, 0.06462, 
-0.03307, -6.08985, 0.06678, 
-0.02207, -6.09668, 0.06917, 
-0.00976, -6.10116, 0.07089, 
0.00327, -6.10212, 0.07127, 
0.01605, -6.09930, 0.07017, 
0.02774, -6.09346, 0.06801, 
0.03808, -6.08602, 0.06562, 
0.04745, -6.07827, 0.06385, 
0.05638, -6.07070, 0.06308, 
0.06485, -6.06280, 0.06297, 
0.07166, -6.05348, 0.06238, 
0.07451, -6.04196, 0.05965, 
0.07076, -6.02865, 0.05325, 
0.05891, -6.01545, 0.04248, 
0.04013, -6.00517, 0.02823, 
0.01911, -6.00000, 0.01333, 
0.02101, -6.00000, 0.01675, 
0.00816, -5.99895, 0.00656, 
0.00374, -5.99902, 0.00309, 
0.01464, -5.99407, 0.01260, 
0.04433, -5.97504, 0.04057, 
0.09067, -5.93233, 0.09022, 
0.14535, -5.85923, 0.16136, 
0.19531, -5.75509, 0.24981, 
0.22595, -5.62727, 0.34759, 
0.22535, -5.49092, 0.44398, 
0.18808, -5.36630, 0.52715, 
0.11732, -5.27436, 0.58620, 
0.02464, -5.23164, 0.61306, 
-0.07273, -5.24611, 0.60400, 
-0.15634, -5.31505, 0.56028, 
-0.21131, -5.42579, 0.48794, 
-0.23008, -5.55897, 0.39669, 
-0.21390, -5.69336, 0.29816, 
-0.17185, -5.81078, 0.20384, 
-0.11770, -5.89980, 0.12327, 
-0.06580, -5.95717, 0.06261, 
-0.02712, -5.98694, 0.02401, 
-0.00695, -5.99769, 0.00584, 
-0.00442, -5.99914, 0.00359, 
-0.01402, -5.99910, 0.01120, 
-0.02821, -6.00181, 0.02254, 
-0.04022, -6.00783, 0.03267, 
-0.04593, -6.01525, 0.03859, 
-0.04458, -6.02147, 0.03946, 
-0.03807, -6.02478, 0.03622, 
-0.02949, -6.02511, 0.03089, 
-0.02164, -6.02383, 0.02567, 
-0.01594, -6.02285, 0.02222, 
-0.01230, -6.02357, 0.02120, 
-0.00964, -6.02619, 0.02225, 
-0.00677, -6.02966, 0.02426, 
-0.00312, -6.03237, 0.02593, 
0.00106, -6.03299, 0.02632, 
0.00505, -6.03121, 0.02521, 
0.00829, -6.02792, 0.02322, 
0.01093, -6.02469, 0.02153, 
0.01392, -6.02296, 0.02141, 
0.01849, -6.02319, 0.02365, 
0.02535, -6.02455, 0.02814, 
0.03384, -6.02525, 0.03367, 
0.04178, -6.02353, 0.03824, 
0.04607, -6.01865, 0.03964, 
0.04398, -6.01153, 0.03626, 
0.03482, -6.00449, 0.02800, 
0.02101, -6.00000, 0.01675, 
0.02244, -6.00000, 0.02038, 
0.01449, -5.99813, 0.01326, 
0.01037, -5.99728, 0.00973, 
0.01568, -5.99365, 0.01537, 
0.03394, -5.98088, 0.03538, 
0.06463, -5.95177, 0.07324, 
0.10243, -5.90081, 0.12949, 
0.13809, -5.82685, 0.20114, 
0.16079, -5.73476, 0.28169, 
0.16137, -5.63547, 0.36205, 
0.13533, -5.54402, 0.43196, 
0.08468, -5.47621, 0.48187, 
0.01781, -5.44462, 0.50464, 
-0.05254, -5.45533, 0.49695, 
-0.11269, -5.50625, 0.45994, 
-0.15171, -5.58775, 0.39895, 
-0.16426, -5.68514, 0.32253, 
-0.15171, -5.78251, 0.24082, 
-0.12120, -5.86655, 0.16372, 
-0.08314, -5.92922, 0.09917, 
-0.04795, -5.96879, 0.05196, 
-0.02312, -5.98887, 0.02330, 
-0.01155, -5.99616, 0.01105, 
-0.01158, -5.99775, 0.01071, 
-0.01835, -5.99882, 0.01670, 
-0.02610, -6.00168, 0.02375, 
-0.03029, -6.00590, 0.02803, 
-0.02893, -6.00961, 0.02768, 
-0.02276, -6.01096, 0.02294, 
-0.01437, -6.00935, 0.01557, 
-0.00674, -6.00574, 0.00804, 
-0.00196, -6.00215, 0.00264, 
-0.00047, -6.00068, 0.00075, 
-0.00125, -6.00239, 0.00245, 
-0.00251, -6.00683, 0.00661, 
-0.00279, -6.01222, 0.01138, 
-0.00157, -6.01625, 0.01482, 
0.00055, -6.01715, 0.01559, 
0.00235, -6.01454, 0.01338, 
0.00284, -6.00955, 0.00905, 
0.00193, -6.00436, 0.00433, 
0.00068, -6.00112, 0.00119, 
0.00084, -6.00105, 0.00122, 
0.00392, -6.00380, 0.00496, 
0.01029, -6.00768, 0.01166, 
0.01865, -6.01050, 0.01943, 
0.02631, -6.01065, 0.02578, 
0.03031, -6.00795, 0.02846, 
0.02883, -6.00372, 0.02640, 
0.02244, -6.00000, 0.02038, 
0.02334, -6.00000, 0.02410, 
0.02208, -5.99715, 0.02299, 
0.02236, -5.99414, 0.02387, 
0.02788, -5.98871, 0.03106, 
0.04121, -5.97679, 0.04884, 
0.06234, -5.95347, 0.08032, 
0.08788, -5.91489, 0.12632, 
0.11154, -5.86013, 0.18473, 
0.12575, -5.79256, 0.25049, 
0.12398, -5.71993, 0.31626, 
0.10295, -5.65312, 0.37363, 
0.06409, -5.60358, 0.41465, 
0.01345, -5.58050, 0.43339, 
-0.03971, -5.58832, 0.42706, 
-0.08547, -5.62553, 0.39662, 
-0.11590, -5.68506, 0.34652, 
-0.12717, -5.75624, 0.28389, 
-0.12029, -5.82755, 0.21711, 
-0.10041, -5.88943, 0.15423, 
-0.07490, -5.93624, 0.10157, 
-0.05093, -5.96685, 0.06275, 
-0.03349, -5.98387, 0.03839, 
-0.02426, -5.99195, 0.02639, 
-0.02179, -5.99576, 0.02293, 
-0.02274, -5.99854, 0.02353, 
-0.02351, -6.00151, 0.02433, 
-0.02175, -6.00424, 0.02288, 
-0.01711, -6.00568, 0.01861, 
-0.01102, -6.00531, 0.01263, 
-0.00577, -6.00376, 0.00711, 
-0.00330, -6.00281, 0.00448, 
-0.00421, -6.00464, 0.00647, 
-0.00751, -6.01077, 0.01355, 
-0.01105, -6.02118, 0.02467, 
-0.01255, -6.03409, 0.03751, 
-0.01058, -6.04635, 0.04909, 
-0.00527, -6.05458, 0.05662, 
0.00181, -6.05636, 0.05822, 
0.00827, -6.05116, 0.05351, 
0.01203, -6.04052, 0.04365, 
0.01217, -6.02750, 0.03106, 
0.00940, -6.01551, 0.01873, 
0.00568, -6.00712, 0.00941, 
0.00336, -6.00326, 0.00483, 
0.00412, -6.00307, 0.00530, 
0.00815, -6.00459, 0.00965, 
0.01411, -6.00571, 0.01571, 
0.01973, -6.00517, 0.02107, 
0.02302, -6.00297, 0.02396, 
0.02334, -6.00000, 0.02410, 
0.02368, -6.00000, 0.02782, 
0.02998, -5.99613, 0.03551, 
0.03780, -5.99009, 0.04591, 
0.04859, -5.98033, 0.06158, 
0.06330, -5.96435, 0.08534, 
0.08135, -5.93929, 0.11923, 
0.10011, -5.90305, 0.16370, 
0.11516, -5.85559, 0.21697, 
0.12135, -5.79981, 0.27498, 
0.11436, -5.74165, 0.33188, 
0.09227, -5.68911, 0.38093, 
0.05649, -5.65058, 0.41577, 
0.01178, -5.63273, 0.43163, 
-0.03485, -5.63878, 0.42628, 
-0.07586, -5.66762, 0.40048, 
-0.10520, -5.71414, 0.35781, 
-0.11970, -5.77056, 0.30399, 
-0.11968, -5.82843, 0.24572, 
-0.10842, -5.88062, 0.18944, 
-0.09088, -5.92263, 0.14020, 
-0.07202, -5.95312, 0.10094, 
-0.05545, -5.97330, 0.07229, 
-0.04274, -5.98581, 0.05290, 
-0.03361, -5.99345, 0.04023, 
-0.02672, -5.99828, 0.03146, 
-0.02076, -6.00133, 0.02444, 
-0.01527, -6.00297, 0.01827, 
-0.01088, -6.00361, 0.01347, 
-0.00894, -6.00431, 0.01166, 
-0.01064, -6.00692, 0.01491, 
-0.01615, -6.01375, 0.02492, 
-0.02418, -6.02663, 0.04225, 
-0.03207, -6.04598, 0.06585, 
-0.03664, -6.07023, 0.09305, 
-0.03526, -6.09583, 0.11994, 
-0.02694, -6.11802, 0.14220, 
-0.01275, -6.13220, 0.15601, 
0.00434, -6.13520, 0.15890, 
0.02043, -6.12636, 0.15036, 
0.03195, -6.10766, 0.13191, 
0.03680, -6.08314, 0.10681, 
0.03496, -6.05768, 0.07923, 
0.02834, -6.03554, 0.05340, 
0.01999, -6.01936, 0.03269, 
0.01296, -6.00967, 0.01900, 
0.00929, -6.00523, 0.01252, 
0.00952, -6.00385, 0.01206, 
0.01286, -6.00337, 0.01562, 
0.01794, -6.00231, 0.02125, 
0.02368, -6.00000, 0.02782, 
0.02347, -6.00000, 0.03145, 
0.03702, -5.99523, 0.05001, 
0.05367, -5.98593, 0.07435, 
0.07270, -5.97057, 0.10510, 
0.09309, -5.94757, 0.14316, 
0.11304, -5.91564, 0.18900, 
0.12975, -5.87435, 0.24201, 
0.13964, -5.82489, 0.30010, 
0.13911, -5.77052, 0.35957, 
0.12552, -5.71645, 0.41549, 
0.09818, -5.66919, 0.46236, 
0.05897, -5.63525, 0.49508, 
0.01220, -5.61969, 0.50984, 
-0.03618, -5.62495, 0.50487, 
-0.07984, -5.65019, 0.48077, 
-0.11351, -5.69155, 0.44039, 
-0.13405, -5.74306, 0.38831, 
-0.14088, -5.79804, 0.32995, 
-0.13578, -5.85049, 0.27061, 
-0.12201, -5.89613, 0.21470, 
-0.10327, -5.93278, 0.16511, 
-0.08282, -5.96012, 0.12317, 
-0.06294, -5.97910, 0.08886, 
-0.04500, -5.99124, 0.06143, 
-0.02981, -5.99809, 0.04003, 
-0.01812, -6.00116, 0.02433, 
-0.01086, -6.00212, 0.01483, 
-0.00908, -6.00301, 0.01282, 
-0.01343, -6.00647, 0.01997, 
-0.02358, -6.01535, 0.03770, 
-0.03774, -6.03213, 0.06641, 
-0.05267, -6.05800, 0.10498, 
-0.06424, -6.09209, 0.15044, 
-0.06842, -6.13115, 0.19821, 
-0.06254, -6.16995, 0.24265, 
-0.04617, -6.20228, 0.27801, 
-0.02146, -6.22244, 0.29943, 
0.00727, -6.22667, 0.30388, 
0.03463, -6.21418, 0.29070, 
0.05559, -6.18731, 0.26180, 
0.06683, -6.15097, 0.22122, 
0.06746, -6.11129, 0.17438, 
0.05914, -6.07416, 0.12710, 
0.04536, -6.04393, 0.08461, 
0.03033, -6.02264, 0.05071, 
0.01785, -6.01005, 0.02745, 
0.01048, -6.00424, 0.01515, 
0.00923, -6.00242, 0.01278, 
0.01387, -6.00179, 0.01874, 
0.02347, -6.00000, 0.03145, 
0.02273, -6.00000, 0.03492, 
0.04204, -5.99458, 0.06512, 
0.06665, -5.98252, 0.10586, 
0.09408, -5.96191, 0.15592, 
0.12147, -5.93159, 0.21417, 
0.14564, -5.89131, 0.27919, 
0.16314, -5.84201, 0.34889, 
0.17057, -5.78611, 0.42029, 
0.16515, -5.72757, 0.48943, 
0.14536, -5.67163, 0.55169, 
0.11154, -5.62418, 0.60225, 
0.06616, -5.59079, 0.63682, 
0.01361, -5.57566, 0.65224, 
-0.04044, -5.58076, 0.64706, 
-0.09006, -5.60542, 0.62177, 
-0.13010, -5.64647, 0.57872, 
-0.15708, -5.69891, 0.52172, 
-0.16960, -5.75686, 0.45542, 
-0.16831, -5.81467, 0.38460, 
-0.15544, -5.86767, 0.31362, 
-0.13417, -5.91266, 0.24594, 
-0.10797, -5.94801, 0.18410, 
-0.08018, -5.97338, 0.12979, 
-0.05383, -5.98952, 0.08425, 
-0.03158, -5.99797, 0.04862, 
-0.01573, -6.00101, 0.02422, 
-0.00808, -6.00157, 0.01264, 
-0.00961, -6.00319, 0.01556, 
-0.02007, -6.00967, 0.03423, 
-0.03763, -6.02450, 0.06898, 
-0.05880, -6.05006, 0.11863, 
-0.07883, -6.08680, 0.18014, 
-0.09256, -6.13270, 0.24855, 
-0.09557, -6.18320, 0.31744, 
-0.08533, -6.23188, 0.37958, 
-0.06199, -6.27159, 0.42797, 
-0.02856, -6.29604, 0.45691, 
0.00966, -6.30115, 0.46288, 
0.04625, -6.28605, 0.44515, 
0.07517, -6.25329, 0.40589, 
0.09217, -6.20821, 0.34981, 
0.09562, -6.15774, 0.28338, 
0.08679, -6.10883, 0.21385, 
0.06928, -6.06710, 0.14817, 
0.04804, -6.03585, 0.09209, 
0.02815, -6.01585, 0.04963, 
0.01380, -6.00559, 0.02287, 
0.00768, -6.00201, 0.01219, 
0.01079, -6.00139, 0.01672, 
0.02273, -6.00000, 0.03492, 
0.02148, -6.00000, 0.03814, 
0.04420, -5.99430, 0.07913, 
0.07400, -5.98059, 0.13585, 
0.10732, -5.95655, 0.20558, 
0.14004, -5.92113, 0.28538, 
0.16791, -5.87469, 0.37201, 
0.18683, -5.81907, 0.46180, 
0.19333, -5.75757, 0.55059, 
0.18503, -5.69477, 0.63377, 
0.16108, -5.63613, 0.70657, 
0.12249, -5.58731, 0.76437, 
0.07220, -5.55341, 0.80326, 
0.01481, -5.53817, 0.82045, 
-0.04406, -5.54330, 0.81468, 
-0.09855, -5.56822, 0.78639, 
-0.14347, -5.61015, 0.73761, 
-0.17499, -5.66457, 0.67177, 
-0.19113, -5.72600, 0.59318, 
-0.19181, -5.78879, 0.50660, 
-0.17872, -5.84785, 0.41676, 
-0.15484, -5.89921, 0.32806, 
-0.12402, -5.94028, 0.24441, 
-0.09047, -5.96996, 0.16926, 
-0.05842, -5.98862, 0.10569, 
-0.03176, -5.99796, 0.05651, 
-0.01368, -6.00088, 0.02433, 
-0.00632, -6.00123, 0.01142, 
-0.01038, -6.00345, 0.01941, 
-0.02480, -6.01194, 0.04888, 
-0.04668, -6.03038, 0.09889, 
-0.07148, -6.06085, 0.16668, 
-0.09370, -6.10317, 0.24747, 
-0.10784, -6.15459, 0.33468, 
-0.10953, -6.20994, 0.42045, 
-0.09656, -6.26239, 0.49644, 
-0.06954, -6.30466, 0.55487, 
-0.03188, -6.33048, 0.58953, 
0.01077, -6.33586, 0.59666, 
0.05173, -6.31994, 0.57547, 
0.08465, -6.28523, 0.52829, 
0.10491, -6.23699, 0.46018, 
0.11044, -6.18218, 0.37827, 
0.10209, -6.12802, 0.29074, 
0.08327, -6.08064, 0.20582, 
0.05904, -6.04406, 0.13081, 
0.03506, -6.01974, 0.07144, 
0.01643, -6.00665, 0.03148, 
0.00694, -6.00182, 0.01274, 
0.00857, -6.00111, 0.01535, 
0.02148, -6.00000, 0.03814, 
0.01978, -6.00000, 0.04107, 
0.04313, -5.99444, 0.09030, 
0.07426, -5.98053, 0.15941, 
0.10925, -5.95577, 0.24474, 
0.14353, -5.91917, 0.34206, 
0.17241, -5.87133, 0.44673, 
0.19158, -5.81447, 0.55378, 
0.19757, -5.75225, 0.65801, 
0.18826, -5.68945, 0.75411, 
0.16315, -5.63143, 0.83697, 
0.12359, -5.58360, 0.90195, 
0.07265, -5.55062, 0.94527, 
0.01488, -5.53585, 0.96432, 
-0.04430, -5.54081, 0.95794, 
-0.09929, -5.56500, 0.92651, 
-0.14502, -5.60593, 0.87195, 
-0.17764, -5.65950, 0.79750, 
-0.19490, -5.72060, 0.70740, 
-0.19639, -5.78375, 0.60658, 
-0.18345, -5.84383, 0.50028, 
-0.15893, -5.89655, 0.39378, 
-0.12677, -5.93895, 0.29218, 
-0.09155, -5.96960, 0.20030, 
-0.05795, -5.98872, 0.12258, 
-0.03027, -5.99806, 0.06299, 
-0.01196, -6.00077, 0.02488, 
-0.00507, -6.00099, 0.01072, 
-0.00998, -6.00331, 0.02184, 
-0.02518, -6.01213, 0.05804, 
-0.04734, -6.03082, 0.11730, 
-0.07173, -6.06107, 0.19562, 
-0.09294, -6.10234, 0.28707, 
-0.10583, -6.15171, 0.38411, 
-0.10652, -6.20418, 0.47821, 
-0.09325, -6.25339, 0.56066, 
-0.06682, -6.29275, 0.62354, 
-0.03055, -6.31668, 0.66065, 
0.01031, -6.32166, 0.66827, 
0.04962, -6.30693, 0.64562, 
0.08153, -6.27469, 0.59498, 
0.10164, -6.22961, 0.52141, 
0.10787, -6.17794, 0.43208, 
0.10071, -6.12629, 0.33541, 
0.08308, -6.08045, 0.24015, 
0.05959, -6.04448, 0.15441, 
0.03566, -6.02009, 0.08499, 
0.01647, -6.00667, 0.03689, 
0.00610, -6.00160, 0.01310, 
0.00702, -6.00090, 0.01469, 
0.01978, -6.00000, 0.04107, 
0.01768, -6.00000, 0.04367, 
0.03903, -5.99497, 0.09720, 
0.06755, -5.98229, 0.17248, 
0.09964, -5.95966, 0.26552, 
0.13106, -5.92619, 0.37154, 
0.15743, -5.88251, 0.48521, 
0.17475, -5.83076, 0.60088, 
0.17992, -5.77439, 0.71277, 
0.17109, -5.71776, 0.81522, 
0.14797, -5.66572, 0.90295, 
0.11189, -5.62300, 0.97135, 
0.06570, -5.59365, 1.01673, 
0.01345, -5.58053, 1.03664, 
-0.04004, -5.58494, 1.02997, 
-0.08983, -5.60644, 0.99710, 
-0.13141, -5.64292, 0.93982, 
-0.16128, -5.69086, 0.86124, 
-0.17731, -5.74581, 0.76552, 
-0.17900, -5.80290, 0.65766, 
-0.16744, -5.85745, 0.54316, 
-0.14514, -5.90552, 0.42777, 
-0.11571, -5.94428, 0.31723, 
-0.08340, -5.97231, 0.21706, 
-0.05259, -5.98976, 0.13235, 
-0.02727, -5.99825, 0.06750, 
-0.01052, -6.00068, 0.02604, 
-0.00409, -6.00080, 0.01029, 
-0.00812, -6.00270, 0.02113, 
-0.02106, -6.01014, 0.05772, 
-0.03983, -6.02593, 0.11738, 
-0.06028, -6.05132, 0.19553, 
-0.07781, -6.08568, 0.28589, 
-0.08822, -6.12647, 0.38088, 
-0.08843, -6.16951, 0.47224, 
-0.07715, -6.20963, 0.55175, 
-0.05514, -6.24159, 0.61208, 
-0.02517, -6.26096, 0.64757, 
0.00850, -6.26498, 0.65484, 
0.04091, -6.25307, 0.63320, 
0.06735, -6.22694, 0.58471, 
0.08423, -6.19027, 0.51396, 
0.08973, -6.14802, 0.42754, 
0.08414, -6.10550, 0.33332, 
0.06969, -6.06749, 0.23963, 
0.05013, -6.03741, 0.15450, 
0.02995, -6.01687, 0.08491, 
0.01363, -6.00552, 0.03633, 
0.00485, -6.00127, 0.01239, 
0.00596, -6.00077, 0.01486, 
0.01768, -6.00000, 0.04367, 
0.01524, -6.00000, 0.04590, 
0.03260, -5.99580, 0.09899, 
0.05548, -5.98545, 0.17276, 
0.08110, -5.96717, 0.26351, 
0.10607, -5.94026, 0.36664, 
0.12692, -5.90528, 0.47698, 
0.14047, -5.86396, 0.58897, 
0.14429, -5.81907, 0.69699, 
0.13693, -5.77411, 0.79558, 
0.11824, -5.73290, 0.87975, 
0.08929, -5.69915, 0.94519, 
0.05238, -5.67600, 0.98852, 
0.01072, -5.66566, 1.00750, 
-0.03192, -5.66913, 1.00115, 
-0.07165, -5.68608, 0.96979, 
-0.10493, -5.71488, 0.91504, 
-0.12896, -5.75280, 0.83976, 
-0.14205, -5.79637, 0.74779, 
-0.14371, -5.84176, 0.64382, 
-0.13478, -5.88526, 0.53312, 
-0.11722, -5.92370, 0.42125, 
-0.09388, -5.95479, 0.31384, 
-0.06815, -5.97737, 0.21628, 
-0.04351, -5.99153, 0.13350, 
-0.02308, -5.99852, 0.06967, 
-0.00927, -6.00060, 0.02797, 
-0.00337, -6.00066, 0.01033, 
-0.00542, -6.00180, 0.01721, 
-0.01419, -6.00684, 0.04745, 
-0.02734, -6.01780, 0.09825, 
-0.04177, -6.03556, 0.16520, 
-0.05415, -6.05962, 0.24258, 
-0.06149, -6.08815, 0.32369, 
-0.06165, -6.11817, 0.40142, 
-0.05376, -6.14608, 0.46883, 
-0.03841, -6.16827, 0.51984, 
-0.01753, -6.18170, 0.54979, 
0.00592, -6.18448, 0.55592, 
0.02849, -6.17623, 0.53767, 
0.04692, -6.15810, 0.49672, 
0.05871, -6.13262, 0.43682, 
0.06255, -6.10319, 0.36342, 
0.05861, -6.07349, 0.28311, 
0.04842, -6.04689, 0.20299, 
0.03460, -6.02582, 0.13004, 
0.02040, -6.01149, 0.07052, 
0.00909, -6.00368, 0.02955, 
0.00345, -6.00090, 0.01074, 
0.00529, -6.00068, 0.01608, 
0.01524, -6.00000, 0.04590, 
0.01252, -6.00000, 0.04775, 
0.02486, -5.99679, 0.09559, 
0.04066, -5.98934, 0.16031, 
0.05808, -5.97649, 0.23895, 
0.07488, -5.95783, 0.32772, 
0.08875, -5.93377, 0.42229, 
0.09758, -5.90550, 0.51801, 
0.09975, -5.87492, 0.61010, 
0.09434, -5.84437, 0.69400, 
0.08125, -5.81644, 0.76549, 
0.06126, -5.79361, 0.82100, 
0.03590, -5.77796, 0.85771, 
0.00734, -5.77098, 0.87379, 
-0.02187, -5.77333, 0.86840, 
-0.04912, -5.78478, 0.84184, 
-0.07204, -5.80425, 0.79544, 
-0.08873, -5.82992, 0.73154, 
-0.09802, -5.85948, 0.65335, 
-0.09957, -5.89036, 0.56480, 
-0.09391, -5.92005, 0.47031, 
-0.08232, -5.94642, 0.37457, 
-0.06670, -5.96788, 0.28232, 
-0.04930, -5.98363, 0.19811, 
-0.03243, -5.99368, 0.12601, 
-0.01816, -5.99883, 0.06941, 
-0.00806, -6.00052, 0.03081, 
-0.00299, -6.00058, 0.01162, 
-0.00299, -6.00099, 0.01203, 
-0.00730, -6.00352, 0.03091, 
-0.01448, -6.00943, 0.06590, 
-0.02265, -6.01928, 0.11344, 
-0.02980, -6.03282, 0.16906, 
-0.03415, -6.04896, 0.22765, 
-0.03443, -6.06600, 0.28389, 
-0.03013, -6.08187, 0.33268, 
-0.02157, -6.09449, 0.36958, 
-0.00985, -6.10212, 0.39124, 
0.00333, -6.10370, 0.39567, 
0.01601, -6.09901, 0.38247, 
0.02633, -6.08870, 0.35285, 
0.03285, -6.07422, 0.30951, 
0.03485, -6.05749, 0.25639, 
0.03242, -6.04066, 0.19831, 
0.02648, -6.02564, 0.14055, 
0.01857, -6.01386, 0.08836, 
0.01065, -6.00600, 0.04659, 
0.00469, -6.00190, 0.01928, 
0.00239, -6.00063, 0.00942, 
0.00488, -6.00063, 0.01875, 
0.01252, -6.00000, 0.04775, 
0.00958, -6.00000, 0.04919, 
0.01694, -5.99782, 0.08769, 
0.02591, -5.99321, 0.13753, 
0.03551, -5.98562, 0.19671, 
0.04457, -5.97490, 0.26264, 
0.05186, -5.96129, 0.33229, 
0.05629, -5.94548, 0.40237, 
0.05702, -5.92850, 0.46956, 
0.05357, -5.91164, 0.53058, 
0.04592, -5.89627, 0.58248, 
0.03451, -5.88374, 0.62270, 
0.02018, -5.87517, 0.64929, 
0.00413, -5.87135, 0.66092, 
-0.01229, -5.87263, 0.65703, 
-0.02764, -5.87890, 0.63780, 
-0.04064, -5.88957, 0.60419, 
-0.05025, -5.90368, 0.55784, 
-0.05582, -5.91997, 0.50103, 
-0.05716, -5.93706, 0.43654, 
-0.05449, -5.95361, 0.36748, 
-0.04851, -5.96842, 0.29720, 
-0.04018, -5.98065, 0.22902, 
-0.03070, -5.98981, 0.16611, 
-0.02128, -5.99586, 0.11130, 
-0.01301, -5.99916, 0.06692, 
-0.00673, -6.00043, 0.03463, 
-0.00293, -6.00057, 0.01535, 
-0.00169, -6.00056, 0.00914, 
-0.00267, -6.00129, 0.01523, 
-0.00523, -6.00340, 0.03203, 
-0.00849, -6.00723, 0.05724, 
-0.01152, -6.01268, 0.08799, 
-0.01349, -6.01934, 0.12108, 
-0.01380, -6.02646, 0.15323, 
-0.01220, -6.03314, 0.18131, 
-0.00878, -6.03847, 0.20263, 
-0.00402, -6.04171, 0.21517, 
0.00136, -6.04238, 0.21774, 
0.00653, -6.04039, 0.21010, 
0.01069, -6.03603, 0.19296, 
0.01324, -6.02991, 0.16796, 
0.01388, -6.02290, 0.13748, 
0.01268, -6.01590, 0.10445, 
0.01009, -6.00977, 0.07211, 
0.00683, -6.00510, 0.04375, 
0.00380, -6.00214, 0.02242, 
0.00194, -6.00078, 0.01073, 
0.00200, -6.00053, 0.01064, 
0.00451, -6.00058, 0.02334, 
0.00958, -6.00000, 0.04919, 
0.00648, -6.00000, 0.05022, 
0.00979, -5.99874, 0.07656, 
0.01354, -5.99645, 0.10854, 
0.01734, -5.99298, 0.14510, 
0.02076, -5.98831, 0.18483, 
0.02336, -5.98256, 0.22612, 
0.02475, -5.97603, 0.26719, 
0.02462, -5.96913, 0.30625, 
0.02283, -5.96235, 0.34151, 
0.01938, -5.95621, 0.37138, 
0.01447, -5.95124, 0.39446, 
0.00843, -5.94785, 0.40969, 
0.00172, -5.94635, 0.41634, 
-0.00513, -5.94685, 0.41412, 
-0.01157, -5.94933, 0.40311, 
-0.01709, -5.95355, 0.38384, 
-0.02130, -5.95917, 0.35721, 
-0.02393, -5.96569, 0.32446, 
-0.02489, -5.97260, 0.28709, 
-0.02423, -5.97937, 0.24680, 
-0.02219, -5.98555, 0.20539, 
-0.01913, -5.99079, 0.16466, 
-0.01546, -5.99487, 0.12633, 
-0.01163, -5.99773, 0.09191, 
-0.00806, -5.99948, 0.06263, 
-0.00507, -6.00033, 0.03941, 
-0.00288, -6.00056, 0.02275, 
-0.00156, -6.00052, 0.01272, 
-0.00105, -6.00050, 0.00900, 
-0.00117, -6.00076, 0.01086, 
-0.00169, -6.00144, 0.01723, 
-0.00232, -6.00256, 0.02680, 
-0.00281, -6.00403, 0.03812, 
-0.00296, -6.00568, 0.04969, 
-0.00268, -6.00727, 0.06010, 
-0.00196, -6.00857, 0.06814, 
-0.00090, -6.00936, 0.07292, 
0.00031, -6.00952, 0.07390, 
0.00146, -6.00903, 0.07098, 
0.00237, -6.00797, 0.06448, 
0.00288, -6.00650, 0.05512, 
0.00294, -6.00485, 0.04397, 
0.00260, -6.00326, 0.03234, 
0.00201, -6.00195, 0.02171, 
0.00140, -6.00105, 0.01356, 
0.00104, -6.00059, 0.00929, 
0.00121, -6.00049, 0.01011, 
0.00211, -6.00055, 0.01692, 
0.00387, -6.00050, 0.03024, 
0.00648, -6.00000, 0.05022, 
0.00326, -6.00000, 0.05085, 
0.00406, -5.99948, 0.06382, 
0.00486, -5.99873, 0.07822, 
0.00558, -5.99774, 0.09369, 
0.00614, -5.99654, 0.10977, 
0.00648, -5.99516, 0.12593, 
0.00653, -5.99368, 0.14161, 
0.00625, -5.99216, 0.15624, 
0.00563, -5.99071, 0.16927, 
0.00468, -5.98942, 0.18019, 
0.00344, -5.98839, 0.18856, 
0.00199, -5.98770, 0.19406, 
0.00040, -5.98739, 0.19646, 
-0.00121, -5.98750, 0.19566, 
-0.00274, -5.98800, 0.19169, 
-0.00410, -5.98887, 0.18472, 
-0.00520, -5.99004, 0.17502, 
-0.00599, -5.99142, 0.16299, 
-0.00644, -5.99291, 0.14909, 
-0.00654, -5.99443, 0.13387, 
-0.00634, -5.99587, 0.11787, 
-0.00588, -5.99717, 0.10169, 
-0.00523, -5.99826, 0.08585, 
-0.00447, -5.99913, 0.07086, 
-0.00366, -5.99976, 0.05713, 
-0.00288, -6.00019, 0.04499, 
-0.00218, -6.00043, 0.03465, 
-0.00160, -6.00053, 0.02621, 
-0.00114, -6.00055, 0.01967, 
-0.00080, -6.00052, 0.01491, 
-0.00057, -6.00049, 0.01173, 
-0.00043, -6.00047, 0.00987, 
-0.00033, -6.00047, 0.00901, 
-0.00026, -6.00050, 0.00883, 
-0.00020, -6.00054, 0.00904, 
-0.00013, -6.00059, 0.00937, 
-0.00006, -6.00061, 0.00962, 
0.00002, -6.00062, 0.00967, 
0.00010, -6.00060, 0.00951, 
0.00017, -6.00057, 0.00920, 
0.00023, -6.00052, 0.00891, 
0.00029, -6.00049, 0.00885, 
0.00037, -6.00047, 0.00933, 
0.00049, -6.00048, 0.01065, 
0.00068, -6.00050, 0.01314, 
0.00096, -6.00054, 0.01708, 
0.00135, -6.00055, 0.02271, 
0.00188, -6.00049, 0.03019, 
0.00252, -6.00033, 0.03959, 
0.00326, -6.00000, 0.05085, 
0.00000, -6.00000, 0.05105, 
0.00000, -6.00000, 0.05105, 
0.00000, -6.00000, 0.05105, 
0.00000, -6.00000, 0.05105, 
0.00000, -6.00000, 0.05105, 
0.00000, -6.00000, 0.05105, 
0.00000, -6.00000, 0.05105, 
0.00000, -6.00000, 0.05105, 
0.00000, -6.00000, 0.05105, 
0.00000, -6.00000, 0.05105, 
0.00000, -6.00000, 0.05105, 
0.00000, -6.00000, 0.05105, 
0.00000, -6.00000, 0.05105, 
-0.00000, -6.00000, 0.05105, 
-0.00000, -6.00000, 0.05105, 
-0.00000, -6.00000, 0.05105, 
-0.00000, -6.00000, 0.05105, 
-0.00000, -6.00000, 0.05105, 
-0.00000, -6.00000, 0.05105, 
-0.00000, -6.00000, 0.05105, 
-0.00000, -6.00000, 0.05105, 
-0.00000, -6.00000, 0.05105, 
-0.00000, -6.00000, 0.05105, 
-0.00000, -6.00000, 0.05105, 
-0.00000, -6.00000, 0.05105, 
-0.00000, -6.00000, 0.05105, 
-0.00000, -6.00000, 0.05105, 
-0.00000, -6.00000, 0.05105, 
-0.00000, -6.00000, 0.05105, 
-0.00000, -6.00000, 0.05105, 
-0.00000, -6.00000, 0.05105, 
-0.00000, -6.00000, 0.05105, 
-0.00000, -6.00000, 0.05105, 
-0.00000, -6.00000, 0.05105, 
-0.00000, -6.00000, 0.05105, 
-0.00000, -6.00000, 0.05105, 
-0.00000, -6.00000, 0.05105, 
0.00000, -6.00000, 0.05105, 
0.00000, -6.00000, 0.05105, 
0.00000, -6.00000, 0.05105, 
0.00000, -6.00000, 0.05105, 
0.00000, -6.00000, 0.05105, 
0.00000, -6.00000, 0.05105, 
0.00000, -6.00000, 0.05105, 
0.00000, -6.00000, 0.05105, 
0.00000, -6.00000, 0.05105, 
0.00000, -6.00000, 0.05105, 
0.00000, -6.00000, 0.05105, 
0.00000, -6.00000, 0.05105, 
0.00000, -6.00000, 0.05105